name,amount
LABWOR COUNTY,14738
LABWOR COUNTY,8466
LABWOR COUNTY,791
ADJUMANI EAST COUNTY,12014
ADJUMANI EAST COUNTY,10728
ADJUMANI EAST COUNTY,1722
ADJUMANI EAST COUNTY,933
ADJUMANI EAST COUNTY,390
ADJUMANI WEST COUNTY,10227
ADJUMANI WEST COUNTY,6891
ADJUMANI WEST COUNTY,1836
ADJUMANI WEST COUNTY,1145
ADJUMANI WEST COUNTY,934
ADJUMANI WEST COUNTY,603
ADJUMANI WEST COUNTY,202
AGAGO  WEST COUNTY,9892
AGAGO  WEST COUNTY,4954
AGAGO  WEST COUNTY,745
AGAGO  WEST COUNTY,72
AGAGO COUNTY,9396
AGAGO COUNTY,8789
AGAGO COUNTY,2846
AGAGO COUNTY,2692
AGAGO NORTH COUNTY,7943
AGAGO NORTH COUNTY,6551
AGAGO NORTH COUNTY,4922
AGAGO NORTH COUNTY,4286
AGAGO NORTH COUNTY,1782
AGAGO NORTH COUNTY,650
AJURI COUNTY,11796
AJURI COUNTY,10612
AJURI COUNTY,5859
AJURI COUNTY,3933
AJURI COUNTY,2222
MOROTO COUNTY,17703
MOROTO COUNTY,9874
MOROTO COUNTY,2644
MOROTO COUNTY,1801
MOROTO COUNTY,343
MOROTO COUNTY,225
KIOGA COUNTY,8537
KIOGA COUNTY,6927
KIOGA COUNTY,5691
KIOGA COUNTY,1259
KIOGA COUNTY,489
KIOGA COUNTY,110
KIOGA NORTH COUNTY,14021
KIOGA NORTH COUNTY,6381
KIOGA NORTH COUNTY,4346
KIOGA NORTH COUNTY,3376
KIOGA NORTH COUNTY,844
KIOGA NORTH COUNTY,227
UPE COUNTY,16241
UPE COUNTY,11939
UPE COUNTY,2972
AMURIA COUNTY,20143
AMURIA COUNTY,12399
AMURIA COUNTY,4511
AMURIA COUNTY,473
AMURIA COUNTY,454
ORUNGO COUNTY,15173
ORUNGO COUNTY,3233
ORUNGO COUNTY,1175
KILAK NORTH COUNTY,6534
KILAK NORTH COUNTY,6366
KILAK NORTH COUNTY,1927
KILAK NORTH COUNTY,1312
KILAK NORTH COUNTY,773
KILAK NORTH COUNTY,360
KILAK NORTH COUNTY,250
KILAK NORTH COUNTY,148
KILAK SOUTH COUNTY,10820
KILAK SOUTH COUNTY,5189
KILAK SOUTH COUNTY,1271
KILAK SOUTH COUNTY,467
KILAK SOUTH COUNTY,290
KILAK SOUTH COUNTY,178
APAC MUNICIPALITY,9469
APAC MUNICIPALITY,3675
MARUZI COUNTY,10758
MARUZI COUNTY,7987
MARUZI COUNTY,2204
MARUZI COUNTY,977
MARUZI NORTH COUNTY,9395
MARUZI NORTH COUNTY,7876
MARUZI NORTH COUNTY,1344
VURRA COUNTY,21989
VURRA COUNTY,7710
VURRA COUNTY,3408
VURRA COUNTY,1217
ARUA CENTRAL DIVISION,6570
ARUA CENTRAL DIVISION,6038
ARUA CENTRAL DIVISION,5711
ARUA CENTRAL DIVISION,238
ARUA CENTRAL DIVISION,156
ARUA CENTRAL DIVISION,154
AYIVU DIVISION EAST,10431
AYIVU DIVISION EAST,5022
AYIVU DIVISION EAST,3937
AYIVU DIVISION EAST,2523
AYIVU DIVISION EAST,2326
AYIVU DIVISION EAST,2322
AYIVU DIVISION EAST,1608
AYIVU DIVISION EAST,593
AYIVU DIVISION EAST,423
AYIVU DIVISION WEST,11269
AYIVU DIVISION WEST,9196
AYIVU DIVISION WEST,5091
AYIVU DIVISION WEST,614
BUDAKA COUNTY,9463
BUDAKA COUNTY,7919
BUDAKA COUNTY,6397
BUDAKA COUNTY,3507
BUDAKA COUNTY,3335
BUDAKA COUNTY,3272
BUDAKA COUNTY,2767
BUDAKA COUNTY,1052
IKI-IKI COUNTY,10928
IKI-IKI COUNTY,7499
IKI-IKI COUNTY,7227
IKI-IKI COUNTY,362
IKI-IKI COUNTY,169
IKI-IKI COUNTY,117
BUSHIGAI COUNTY,4198
BUSHIGAI COUNTY,2172
BUSHIGAI COUNTY,1873
BUSHIGAI COUNTY,376
BUSHIGAI COUNTY,328
LUTSESHE COUNTY,9990
LUTSESHE COUNTY,9304
LUTSESHE COUNTY,222
LUTSESHE COUNTY,198
LUTSESHE COUNTY,192
LUTSESHE COUNTY,37
MANJIYA COUNTY,9994
MANJIYA COUNTY,5032
MANJIYA COUNTY,1069
MANJIYA COUNTY,528
BUGIRI MUNICIPALITY,5325
BUGIRI MUNICIPALITY,3779
BUGIRI MUNICIPALITY,129
BUGIRI MUNICIPALITY,69
BUGIRI MUNICIPALITY,63
BUGIRI MUNICIPALITY,55
BUGIRI MUNICIPALITY,32
BUKOOLI COUNTY CENTRAL,24244
BUKOOLI COUNTY CENTRAL,12555
BUKOOLI COUNTY CENTRAL,5243
BUKOOLI COUNTY CENTRAL,3314
BUKOOLI COUNTY CENTRAL,3028
BUKOOLI COUNTY CENTRAL,1680
BUKOOLI COUNTY CENTRAL,1420
BUKOOLI COUNTY CENTRAL,586
BUKOOLI COUNTY CENTRAL,482
BUKOOLI COUNTY CENTRAL,413
BUKOOLI COUNTY CENTRAL,259
BUKOOLI COUNTY NORTH,19318
BUKOOLI COUNTY NORTH,9197
BUKOOLI COUNTY NORTH,9056
BUKOOLI COUNTY NORTH,622
BUKOOLI COUNTY NORTH,266
BUKOOLI COUNTY NORTH,184
BUGWERI COUNTY,17813
BUGWERI COUNTY,13141
BUGWERI COUNTY,9074
BUGWERI COUNTY,2624
BUGWERI COUNTY,1535
BUGWERI COUNTY,643
,
BUGWERI COUNTY,460
BUGWERI COUNTY,243
BUGWERI COUNTY,114
BUGWERI COUNTY,88
BUGWERI COUNTY,75
BUHWEJU COUNTY,12084
BUHWEJU COUNTY,9769
BUHWEJU COUNTY,69
BUHWEJU WEST COUNTY,14423
BUHWEJU WEST COUNTY,10234
BUHWEJU WEST COUNTY,1300
BUHWEJU WEST COUNTY,175
BUHWEJU WEST COUNTY,142
BUIKWE COUNTY SOUTH,28759
BUIKWE COUNTY SOUTH,15024
BUIKWE COUNTY SOUTH,2892
BUIKWE COUNTY SOUTH,311
BUIKWE COUNTY SOUTH,305
BUIKWE COUNTY SOUTH,300
BUIKWE COUNTY SOUTH,174
LUGAZI MUNICIPALITY,14409
LUGAZI MUNICIPALITY,10085
LUGAZI MUNICIPALITY,8901
LUGAZI MUNICIPALITY,627
LUGAZI MUNICIPALITY,492
NJERU MUNICIPALITY,13676
NJERU MUNICIPALITY,7234
NJERU MUNICIPALITY,6736
NJERU MUNICIPALITY,6094
NJERU MUNICIPALITY,4476
NJERU MUNICIPALITY,2275
NJERU MUNICIPALITY,1513
NJERU MUNICIPALITY,1180
NJERU MUNICIPALITY,834
NJERU MUNICIPALITY,431
NJERU MUNICIPALITY,304
BUKEDEA COUNTY,20112
BUKEDEA COUNTY,10546
BUKEDEA COUNTY,4957
BUKEDEA COUNTY,2723
BUKEDEA COUNTY,1451
BUKEDEA COUNTY,872
BUKEDEA COUNTY,617
BUKEDEA COUNTY,461
KACHUMBALA COUNTY,11717
KACHUMBALA COUNTY,4573
KACHUMBALA COUNTY,1584
KACHUMBALA COUNTY,374
BUKOMANSIMBI NORTH COUNTY,9617
BUKOMANSIMBI NORTH COUNTY,6599
BUKOMANSIMBI NORTH COUNTY,4238
BUKOMANSIMBI NORTH COUNTY,3076
BUKOMANSIMBI NORTH COUNTY,251
BUKOMANSIMBI NORTH COUNTY,182
BUKOMANSIMBI NORTH COUNTY,47
BUKOMANSIMBI SOUTH COUNTY,9200
BUKOMANSIMBI SOUTH COUNTY,4072
BUKOMANSIMBI SOUTH COUNTY,3787
BUKOMANSIMBI SOUTH COUNTY,2955
BUKOMANSIMBI SOUTH COUNTY,1462
BUKOMANSIMBI SOUTH COUNTY,487
BUKOMANSIMBI SOUTH COUNTY,328
BUKOMANSIMBI SOUTH COUNTY,321
BUKOMANSIMBI SOUTH COUNTY,202
BUKOMANSIMBI SOUTH COUNTY,33
KONGASIS COUNTY,6821
KONGASIS COUNTY,6714
KONGASIS COUNTY,5470
T'OO COUNTY,8219
T'OO COUNTY,4017
T'OO COUNTY,1248
BULAMBULI COUNTY,8847
BULAMBULI COUNTY,6814
BULAMBULI COUNTY,2554
BULAMBULI COUNTY,1626
BULAMBULI COUNTY,130
BULAMBULI COUNTY,83
ELGON COUNTY,9213
ELGON COUNTY,1765
ELGON COUNTY,384
ELGON NORTH COUNTY,15753
ELGON NORTH COUNTY,3123
ELGON NORTH COUNTY,195
BULIISA COUNTY,15062
BULIISA COUNTY,12340
BUGHENDERA COUNTY,13897
BUGHENDERA COUNTY,13462
BUGHENDERA COUNTY,1571
BUGHENDERA COUNTY,38
BWAMBA COUNTY,27202
BWAMBA COUNTY,12732
BWAMBA COUNTY,3276
BUNYANGABU COUNTY,31353
BUNYANGABU COUNTY,14251
BUNYANGABU COUNTY,2811
BUNYANGABU COUNTY,2742
BUNYANGABU COUNTY,2262
BUNYANGABU COUNTY,1889
BUNYANGABU COUNTY,686
BUNYANGABU COUNTY,503
BUNYANGABU COUNTY,378
BUSHENYI -ISHAKA MUNICIPALITY,8199
BUSHENYI -ISHAKA MUNICIPALITY,5898
BUSHENYI -ISHAKA MUNICIPALITY,734
BUSHENYI -ISHAKA MUNICIPALITY,306
BUSHENYI -ISHAKA MUNICIPALITY,166
BUSHENYI -ISHAKA MUNICIPALITY,47
BUSHENYI -ISHAKA MUNICIPALITY,13
IGARA COUNTY EAST,13973
IGARA COUNTY EAST,11163
IGARA COUNTY EAST,4904
IGARA COUNTY EAST,966
IGARA COUNTY EAST,538
IGARA COUNTY EAST,253
IGARA COUNTY EAST,172
IGARA COUNTY WEST,24508
IGARA COUNTY WEST,12660
IGARA COUNTY WEST,742
IGARA COUNTY WEST,286
IGARA COUNTY WEST,188
IGARA COUNTY WEST,0
BUSIA MUNICIPALITY,3507
BUSIA MUNICIPALITY,3411
BUSIA MUNICIPALITY,2344
BUSIA MUNICIPALITY,1848
BUSIA MUNICIPALITY,1106
BUSIA MUNICIPALITY,938
BUSIA MUNICIPALITY,910
BUSIA MUNICIPALITY,700
BUSIA MUNICIPALITY,625
BUSIA MUNICIPALITY,383
BUSIA MUNICIPALITY,87
BUSIA MUNICIPALITY,62
SAMIA BUGWE CENTRAL COUNTY,13917
SAMIA BUGWE CENTRAL COUNTY,11528
SAMIA BUGWE CENTRAL COUNTY,1194
SAMIA BUGWE CENTRAL COUNTY,999
SAMIA BUGWE CENTRAL COUNTY,267
SAMIA BUGWE CENTRAL COUNTY,252
SAMIA BUGWE COUNTY NORTH,13528
SAMIA BUGWE COUNTY NORTH,6148
SAMIA BUGWE COUNTY NORTH,5286
SAMIA BUGWE COUNTY NORTH,2770
SAMIA BUGWE COUNTY NORTH,2745
SAMIA BUGWE COUNTY NORTH,1493
SAMIA BUGWE COUNTY NORTH,659
SAMIA BUGWE COUNTY NORTH,587
SAMIA BUGWE COUNTY NORTH,253
SAMIA BUGWE COUNTY NORTH,234
SAMIA BUGWE COUNTY NORTH,201
SAMIA BUGWE COUNTY NORTH,129
SAMIA BUGWE COUNTY NORTH,113
SAMIA BUGWE COUNTY NORTH,96
SAMIA BUGWE COUNTY SOUTH,8098
SAMIA BUGWE COUNTY SOUTH,7811
SAMIA BUGWE COUNTY SOUTH,2912
SAMIA BUGWE COUNTY SOUTH,593
SAMIA BUGWE COUNTY SOUTH,260
SAMIA BUGWE COUNTY SOUTH,86
SAMIA BUGWE COUNTY SOUTH,28
BUNYOLE EAST COUNTY,20821
BUNYOLE EAST COUNTY,12760
BUNYOLE EAST COUNTY,602
BUNYOLE EAST COUNTY,596
BUNYOLE EAST COUNTY,423
BUNYOLE EAST COUNTY,411
BUNYOLE EAST COUNTY,254
BUNYOLE EAST COUNTY,89
BUNYOLE WEST COUNTY,16384
BUNYOLE WEST COUNTY,11608
BUNYOLE WEST COUNTY,4326
BUNYOLE WEST COUNTY,647
BUNYOLE WEST COUNTY,606
BUNYOLE WEST COUNTY,222
BUNYOLE WEST COUNTY,97
BUTAMBALA COUNTY,24070
BUTAMBALA COUNTY,12040
BUTAMBALA COUNTY,295
BUTAMBALA COUNTY,228
BUTAMBALA COUNTY,189
BUTAMBALA COUNTY,144
BUTEBO COUNTY,16747
BUTEBO COUNTY,12956
BUTEBO COUNTY,3075
BUTEBO COUNTY,1497
BUTEBO COUNTY,841
BUTEBO COUNTY,204
BUVUMA ISLANDS COUNTY,12151
BUVUMA ISLANDS COUNTY,5181
BUVUMA ISLANDS COUNTY,2486
BUVUMA ISLANDS COUNTY,1471
BUDIOPE EAST COUNTY,27675
BUDIOPE EAST COUNTY,12508
BUDIOPE EAST COUNTY,850
BUDIOPE EAST COUNTY,653
BUDIOPE EAST COUNTY,316
BUDIOPE WEST COUNTY,14887
BUDIOPE WEST COUNTY,13393
BUDIOPE WEST COUNTY,6697
BUDIOPE WEST COUNTY,2951
BUDIOPE WEST COUNTY,1166
BUDIOPE WEST COUNTY,647
BUDIOPE WEST COUNTY,96
DOKOLO NORTH COUNTY,11428
DOKOLO NORTH COUNTY,11180
DOKOLO NORTH COUNTY,6173
DOKOLO NORTH COUNTY,4388
DOKOLO NORTH COUNTY,396
DOKOLO NORTH COUNTY,203
DOKOLO SOUTH COUNTY,13285
DOKOLO SOUTH COUNTY,11631
DOKOLO SOUTH COUNTY,706
FORT PORTAL CENTRAL DIVISION,11019
FORT PORTAL CENTRAL DIVISION,8190
FORT PORTAL CENTRAL DIVISION,563
FORT PORTAL CENTRAL DIVISION,201
FORT PORTAL CENTRAL DIVISION,163
FORT PORTAL CENTRAL DIVISION,47
FORT PORTAL NORTH DIVISION,7911
FORT PORTAL NORTH DIVISION,7820
FORT PORTAL NORTH DIVISION,276
FORT PORTAL NORTH DIVISION,222
FORT PORTAL NORTH DIVISION,158
GOMBA EAST COUNTY,17097
GOMBA EAST COUNTY,7177
GOMBA EAST COUNTY,247
GOMBA EAST COUNTY,208
GOMBA EAST COUNTY,177
GOMBA WEST COUNTY,14007
GOMBA WEST COUNTY,6407
GOMBA WEST COUNTY,5426
GOMBA WEST COUNTY,3558
ASWA COUNTY,6392
ASWA COUNTY,5855
ASWA COUNTY,3736
ASWA COUNTY,2345
ASWA COUNTY,632
ASWA COUNTY,324
ASWA COUNTY,286
ASWA COUNTY,270
ASWA COUNTY,267
ASWA COUNTY,190
BARDEGE-LAYIBI DIVISION,6503
BARDEGE-LAYIBI DIVISION,4006
BARDEGE-LAYIBI DIVISION,1859
BARDEGE-LAYIBI DIVISION,1047
BARDEGE-LAYIBI DIVISION,449
BARDEGE-LAYIBI DIVISION,408
BARDEGE-LAYIBI DIVISION,273
BARDEGE-LAYIBI DIVISION,109
LAROO-PECE DIVISION,6633
LAROO-PECE DIVISION,4220
LAROO-PECE DIVISION,2557
LAROO-PECE DIVISION,1619
LAROO-PECE DIVISION,1098
LAROO-PECE DIVISION,732
LAROO-PECE DIVISION,698
LAROO-PECE DIVISION,318
LAROO-PECE DIVISION,286
LAROO-PECE DIVISION,239
LAROO-PECE DIVISION,133
LAROO-PECE DIVISION,65
LAROO-PECE DIVISION,36
BUGAHYA COUNTY,
KIGOROBYA COUNTY,9633
KIGOROBYA COUNTY,7740
KIGOROBYA COUNTY,462
KIGOROBYA COUNTY,213
HOIMA EAST DIVISION,9097
HOIMA EAST DIVISION,3888
HOIMA EAST DIVISION,1550
HOIMA EAST DIVISION,900
HOIMA EAST DIVISION,149
HOIMA WEST DIVISION,6369
HOIMA WEST DIVISION,6212
HOIMA WEST DIVISION,5075
HOIMA WEST DIVISION,1681
HOIMA WEST DIVISION,426
IBANDA COUNTY NORTH,13513
IBANDA COUNTY NORTH,13186
IBANDA COUNTY NORTH,165
IBANDA COUNTY NORTH,142
IBANDA COUNTY SOUTH,21837
IBANDA COUNTY SOUTH,5370
IBANDA COUNTY SOUTH,224
IBANDA COUNTY SOUTH,81
IBANDA MUNICIPALITY,16038
IBANDA MUNICIPALITY,15682
IBANDA MUNICIPALITY,1298
IBANDA MUNICIPALITY,268
IBANDA MUNICIPALITY,262
IBANDA MUNICIPALITY,229
IGANGA MUNICIPALITY,6621
IGANGA MUNICIPALITY,6512
IGANGA MUNICIPALITY,4461
IGANGA MUNICIPALITY,2935
IGANGA MUNICIPALITY,686
IGANGA MUNICIPALITY,670
IGANGA MUNICIPALITY,56
IGANGA MUNICIPALITY,9
KIGULU COUNTY NORTH,14560
KIGULU COUNTY NORTH,14154
KIGULU COUNTY NORTH,3025
KIGULU COUNTY NORTH,2522
KIGULU COUNTY NORTH,1805
KIGULU COUNTY NORTH,987
KIGULU COUNTY NORTH,368
KIGULU COUNTY NORTH,135
KIGULU COUNTY NORTH,125
KIGULU COUNTY NORTH,99
KIGULU COUNTY NORTH,87
KIGULU COUNTY NORTH,51
KIGULU COUNTY NORTH,40
KIGULU COUNTY NORTH,37
KIGULU COUNTY SOUTH,9424
KIGULU COUNTY SOUTH,7550
KIGULU COUNTY SOUTH,6547
KIGULU COUNTY SOUTH,3356
KIGULU COUNTY SOUTH,1803
KIGULU COUNTY SOUTH,1536
KIGULU COUNTY SOUTH,1361
KIGULU COUNTY SOUTH,1305
KIGULU COUNTY SOUTH,936
KIGULU COUNTY SOUTH,570
KIGULU COUNTY SOUTH,427
KIGULU COUNTY SOUTH,252
KIGULU COUNTY SOUTH,213
KIGULU COUNTY SOUTH,103
BUKANGA COUNTY,18406
BUKANGA COUNTY,7401
BUKANGA COUNTY,189
BUKANGA COUNTY,169
BUKANGA COUNTY,74
BUKANGA COUNTY,47
BUKANGA NORTH COUNTY,34229
BUKANGA NORTH COUNTY,12067
ISINGIRO COUNTY NORTH,49066
ISINGIRO COUNTY NORTH,2823
ISINGIRO COUNTY NORTH,2641
ISINGIRO COUNTY NORTH,1365
ISINGIRO COUNTY NORTH,1048
ISINGIRO COUNTY NORTH,956
ISINGIRO COUNTY NORTH,826
ISINGIRO COUNTY SOUTH,13410
ISINGIRO COUNTY SOUTH,11582
ISINGIRO COUNTY SOUTH,1644
ISINGIRO COUNTY SOUTH,145
ISINGIRO COUNTY SOUTH,85
ISINGIRO WEST COUNTY,7992
ISINGIRO WEST COUNTY,7975
ISINGIRO WEST COUNTY,3741
ISINGIRO WEST COUNTY,262
BUTEMBE COUNTY,5818
BUTEMBE COUNTY,5782
BUTEMBE COUNTY,5719
BUTEMBE COUNTY,2502
BUTEMBE COUNTY,260
BUTEMBE COUNTY,166
BUTEMBE COUNTY,118
BUTEMBE COUNTY,103
KAGOMA COUNTY,7948
KAGOMA COUNTY,5048
KAGOMA COUNTY,846
KAGOMA COUNTY,829
KAGOMA COUNTY,608
KAGOMA COUNTY,121
KAGOMA NORTH COUNTY,15564
KAGOMA NORTH COUNTY,5977
KAGOMA NORTH COUNTY,4378
KAGOMA NORTH COUNTY,749
KAGOMA NORTH COUNTY,225
KAGOMA NORTH COUNTY,179
KAGOMA NORTH COUNTY,145
JINJA NORTH DIVISION,13388
JINJA NORTH DIVISION,9564
JINJA NORTH DIVISION,6958
JINJA NORTH DIVISION,6530
JINJA NORTH DIVISION,4143
JINJA NORTH DIVISION,960
JINJA NORTH DIVISION,547
JINJA NORTH DIVISION,528
JINJA NORTH DIVISION,402
JINJA NORTH DIVISION,194
JINJA NORTH DIVISION,184
JINJA NORTH DIVISION,167
JINJA NORTH DIVISION,154
JINJA NORTH DIVISION,144
JINJA NORTH DIVISION,136
JINJA NORTH DIVISION,133
JINJA NORTH DIVISION,125
JINJA SOUTH DIVISION EAST,5817
JINJA SOUTH DIVISION EAST,5580
JINJA SOUTH DIVISION EAST,1283
JINJA SOUTH DIVISION EAST,769
JINJA SOUTH DIVISION EAST,501
JINJA SOUTH DIVISION EAST,390
JINJA SOUTH DIVISION EAST,50
JINJA SOUTH DIVISION EAST,12
JINJA SOUTH DIVISION EAST,10
JINJA SOUTH DIVISION WEST,4801
JINJA SOUTH DIVISION WEST,3102
JINJA SOUTH DIVISION WEST,1964
JINJA SOUTH DIVISION WEST,251
JINJA SOUTH DIVISION WEST,250
JINJA SOUTH DIVISION WEST,162
JINJA SOUTH DIVISION WEST,68
JINJA SOUTH DIVISION WEST,51
JINJA SOUTH DIVISION WEST,50
DODOTH EAST COUNTY,7903
DODOTH EAST COUNTY,7892
DODOTH EAST COUNTY,149
DODOTH EAST COUNTY,127
DODOTH NORTH COUNTY,8780
DODOTH NORTH COUNTY,4013
IK COUNTY,
KABALE MUNICIPALITY,6399
KABALE MUNICIPALITY,5763
KABALE MUNICIPALITY,3301
KABALE MUNICIPALITY,558
KABALE MUNICIPALITY,252
KABALE MUNICIPALITY,54
KABALE MUNICIPALITY,24
NDORWA COUNTY EAST,15962
NDORWA COUNTY EAST,15826
NDORWA COUNTY EAST,2765
NDORWA COUNTY EAST,104
NDORWA COUNTY WEST,28909
NDORWA COUNTY WEST,3796
NDORWA COUNTY WEST,2079
NDORWA COUNTY WEST,1373
NDORWA COUNTY WEST,1132
NDORWA COUNTY WEST,431
NDORWA COUNTY WEST,194
NDORWA COUNTY WEST,43
BURAHYA COUNTY,32894
BURAHYA COUNTY,17081
BURAHYA COUNTY,4419
BURAHYA COUNTY,4040
BURAHYA COUNTY,2679
BURAHYA COUNTY,1067
BURAHYA COUNTY,648
KABERAMAIDO COUNTY,13012
KABERAMAIDO COUNTY,3445
KABERAMAIDO COUNTY,2495
KABERAMAIDO COUNTY,682
KABERAMAIDO COUNTY,364
OCHERO COUNTY,4742
OCHERO COUNTY,4284
OCHERO COUNTY,3553
OCHERO COUNTY,553
OCHERO COUNTY,366
BUYAGA EAST COUNTY,26239
BUYAGA EAST COUNTY,24067
BUYAGA EAST COUNTY,633
BUYAGA WEST COUNTY,33030
BUYAGA WEST COUNTY,23986
BUYAGA WEST COUNTY,2912
BUGANGAIZI EAST COUNTY,17803
BUGANGAIZI EAST COUNTY,15421
BUGANGAIZI EAST COUNTY,224
BUGANGAIZI EAST COUNTY,100
BUGANGAIZI EAST COUNTY,21
BUGANGAIZI SOUTH COUNTY,12801
BUGANGAIZI SOUTH COUNTY,12331
BUGANGAIZI SOUTH COUNTY,1048
BUGANGAIZI WEST COUNTY,18879
BUGANGAIZI WEST COUNTY,7660
BUGANGAIZI WEST COUNTY,862
KALAKI COUNTY,17906
KALAKI COUNTY,11939
KALAKI COUNTY,4725
KALAKI COUNTY,373
BUJUMBA COUNTY,4107
BUJUMBA COUNTY,3413
BUJUMBA COUNTY,1389
BUJUMBA COUNTY,1218
BUJUMBA COUNTY,26
KYAMUSWA COUNTY,3863
KYAMUSWA COUNTY,3471
KYAMUSWA COUNTY,1099
KYAMUSWA COUNTY,549
BULAMOGI COUNTY,18289
BULAMOGI COUNTY,12690
BULAMOGI COUNTY,11322
BULAMOGI COUNTY,5213
BULAMOGI COUNTY,1056
BULAMOGI COUNTY,294
BULAMOGI NORTH WEST COUNTY,10875
BULAMOGI NORTH WEST COUNTY,9057
BULAMOGI NORTH WEST COUNTY,158
BULAMOGI NORTH WEST COUNTY,113
KALUNGU EAST COUNTY,12198
KALUNGU EAST COUNTY,10865
KALUNGU EAST COUNTY,6427
KALUNGU EAST COUNTY,2304
KALUNGU WEST COUNTY,13696
KALUNGU WEST COUNTY,7016
KALUNGU WEST COUNTY,2253
KALUNGU WEST COUNTY,479
KALUNGU WEST COUNTY,384
KALUNGU WEST COUNTY,187
KAMPALA CENTRAL DIVISION,16998
KAMPALA CENTRAL DIVISION,15975
KAMPALA CENTRAL DIVISION,10749
KAMPALA CENTRAL DIVISION,1679
KAMPALA CENTRAL DIVISION,1653
KAWEMPE DIVISION NORTH,41197
KAWEMPE DIVISION NORTH,7512
KAWEMPE DIVISION NORTH,6946
KAWEMPE DIVISION NORTH,3919
KAWEMPE DIVISION NORTH,2247
KAWEMPE DIVISION NORTH,1825
KAWEMPE DIVISION NORTH,1050
KAWEMPE DIVISION NORTH,582
KAWEMPE DIVISION NORTH,490
KAWEMPE DIVISION NORTH,170
KAWEMPE DIVISION SOUTH,26855
KAWEMPE DIVISION SOUTH,6818
KAWEMPE DIVISION SOUTH,3788
KAWEMPE DIVISION SOUTH,1250
KAWEMPE DIVISION SOUTH,803
KAWEMPE DIVISION SOUTH,464
KAWEMPE DIVISION SOUTH,240
KAWEMPE DIVISION SOUTH,223
KAWEMPE DIVISION SOUTH,77
KAWEMPE DIVISION SOUTH,68
MAKINDYE DIVISION EAST,20455
MAKINDYE DIVISION EAST,14815
MAKINDYE DIVISION EAST,9117
MAKINDYE DIVISION EAST,4352
MAKINDYE DIVISION EAST,592
MAKINDYE DIVISION EAST,528
MAKINDYE DIVISION EAST,484
MAKINDYE DIVISION EAST,457
MAKINDYE DIVISION EAST,280
MAKINDYE DIVISION WEST,18116
MAKINDYE DIVISION WEST,4358
MAKINDYE DIVISION WEST,4270
MAKINDYE DIVISION WEST,501
MAKINDYE DIVISION WEST,286
MAKINDYE DIVISION WEST,194
MAKINDYE DIVISION WEST,100
NAKAWA DIVISION EAST,31263
NAKAWA DIVISION EAST,11720
NAKAWA DIVISION EAST,7467
NAKAWA DIVISION EAST,1274
NAKAWA DIVISION EAST,438
NAKAWA DIVISION EAST,127
NAKAWA DIVISION EAST,126
NAKAWA DIVISION WEST,31653
NAKAWA DIVISION WEST,9450
NAKAWA DIVISION WEST,2780
NAKAWA DIVISION WEST,1512
NAKAWA DIVISION WEST,931
NAKAWA DIVISION WEST,806
NAKAWA DIVISION WEST,668
NAKAWA DIVISION WEST,479
NAKAWA DIVISION WEST,300
NAKAWA DIVISION WEST,280
NAKAWA DIVISION WEST,238
NAKAWA DIVISION WEST,196
NAKAWA DIVISION WEST,194
NAKAWA DIVISION WEST,161
RUBAGA DIVISION NORTH,39847
RUBAGA DIVISION NORTH,14003
RUBAGA DIVISION NORTH,8032
RUBAGA DIVISION NORTH,500
RUBAGA DIVISION NORTH,346
RUBAGA DIVISION NORTH,189
RUBAGA DIVISION NORTH,87
RUBAGA DIVISION SOUTH,49501
RUBAGA DIVISION SOUTH,12893
RUBAGA DIVISION SOUTH,5069
RUBAGA DIVISION SOUTH,3146
RUBAGA DIVISION SOUTH,2799
RUBAGA DIVISION SOUTH,2050
RUBAGA DIVISION SOUTH,1521
RUBAGA DIVISION SOUTH,931
RUBAGA DIVISION SOUTH,719
RUBAGA DIVISION SOUTH,629
RUBAGA DIVISION SOUTH,376
RUBAGA DIVISION SOUTH,292
RUBAGA DIVISION SOUTH,145
RUBAGA DIVISION SOUTH,111
BUGABULA COUNTY NORTH,11181
BUGABULA COUNTY NORTH,11013
BUGABULA COUNTY NORTH,4205
BUGABULA COUNTY NORTH,803
BUGABULA COUNTY NORTH,695
BUGABULA COUNTY NORTH,225
BUGABULA COUNTY NORTH,183
BUGABULA COUNTY NORTH,71
BUGABULA COUNTY SOUTH,20245
BUGABULA COUNTY SOUTH,7270
BUGABULA COUNTY SOUTH,5970
BUGABULA COUNTY SOUTH,2993
BUGABULA COUNTY SOUTH,1305
BUGABULA COUNTY SOUTH,431
BUGABULA COUNTY SOUTH,415
BUGABULA COUNTY SOUTH,323
BUGABULA COUNTY SOUTH,283
BUGABULA COUNTY SOUTH,262
BUGABULA COUNTY SOUTH,156
BUZAAYA COUNTY,19765
BUZAAYA COUNTY,7539
BUZAAYA COUNTY,6934
BUZAAYA COUNTY,2912
BUZAAYA COUNTY,2627
BUZAAYA COUNTY,1177
BUZAAYA COUNTY,921
BUZAAYA COUNTY,785
BUZAAYA COUNTY,213
BUZAAYA COUNTY,104
BUZAAYA COUNTY,64
KAMULI MUNICIPALITY,5911
KAMULI MUNICIPALITY,5359
KAMULI MUNICIPALITY,5185
KAMULI MUNICIPALITY,1261
KAMULI MUNICIPALITY,104
KIBALE COUNTY,
KIBALE EAST COUNTY,
KINKIZI COUNTY EAST,21040
KINKIZI COUNTY EAST,19206
KINKIZI COUNTY EAST,637
KINKIZI COUNTY WEST,31628
KINKIZI COUNTY WEST,11530
KINKIZI COUNTY WEST,1404
KINKIZI COUNTY WEST,578
KINKIZI COUNTY WEST,321
KINKIZI COUNTY WEST,179
KAPCHORWA MUNICIPALITY,11746
KAPCHORWA MUNICIPALITY,4314
TINGEY COUNTY,10248
TINGEY COUNTY,8891
TINGEY COUNTY,2566
TINGEY COUNTY,1309
TINGEY COUNTY,916
KAPELEBYONG COUNTY,9566
KAPELEBYONG COUNTY,6184
KAPELEBYONG COUNTY,6001
KAPELEBYONG COUNTY,4074
KAPELEBYONG COUNTY,455
KAPELEBYONG COUNTY,2
DODOTH WEST COUNTY,5498
DODOTH WEST COUNTY,3686
DODOTH WEST COUNTY,607
NAPORE WEST COUNTY,1824
NAPORE WEST COUNTY,1625
NAPORE WEST COUNTY,533
NAPORE WEST COUNTY,188
NAPORE WEST COUNTY,181
BUKONJO COUNTY WEST,36386
BUKONJO COUNTY WEST,28520
BUKONJO COUNTY WEST,993
BUKONZO COUNTY  EAST,27660
BUKONZO COUNTY  EAST,24908
BUKONZO COUNTY  EAST,2452
BUSONGORA COUNTY NORTH,21913
BUSONGORA COUNTY NORTH,20366
BUSONGORA COUNTY NORTH,10110
BUSONGORA COUNTY NORTH,783
BUSONGORA COUNTY NORTH,570
BUSONGORA COUNTY SOUTH,7601
BUSONGORA COUNTY SOUTH,7522
BUSONGORA COUNTY SOUTH,6956
BUSONGORA COUNTY SOUTH,2464
BUSONGORA COUNTY SOUTH,2392
BUSONGORA COUNTY SOUTH,1318
BUSONGORA COUNTY SOUTH,1187
BUSONGORA COUNTY SOUTH,803
BUSONGORA COUNTY SOUTH,790
BUSONGORA COUNTY SOUTH,484
KASESE MUNICIPALITY,14213
KASESE MUNICIPALITY,11460
KASESE MUNICIPALITY,1864
KASESE MUNICIPALITY,1032
KASESE MUNICIPALITY,172
KASESE MUNICIPALITY,103
KASESE MUNICIPALITY,66
BUKUYA COUNTY,15190
BUKUYA COUNTY,6047
BUKUYA COUNTY,3906
BUKUYA COUNTY,3264
KASSANDA COUNTY NORTH,15356
KASSANDA COUNTY NORTH,9116
KASSANDA COUNTY NORTH,350
KASSANDA COUNTY NORTH,227
KASSANDA COUNTY SOUTH,12279
KASSANDA COUNTY SOUTH,8671
KASSANDA COUNTY SOUTH,8436
KASSANDA COUNTY SOUTH,1450
KASSANDA COUNTY SOUTH,205
KASSANDA COUNTY SOUTH,87
NGARIAM COUNTY,16278
NGARIAM COUNTY,1954
NGARIAM COUNTY,1794
NGARIAM COUNTY,1273
NGARIAM COUNTY,193
NGARIAM COUNTY,185
NGARIAM COUNTY,174
NGARIAM COUNTY,148
TOROMA COUNTY,9179
TOROMA COUNTY,8013
TOROMA COUNTY,2949
TOROMA COUNTY,851
TOROMA COUNTY,469
TOROMA COUNTY,458
TOROMA COUNTY,235
TOROMA COUNTY,89
TOROMA COUNTY,83
TOROMA COUNTY,71
TOROMA COUNTY,58
USUK COUNTY,5982
USUK COUNTY,5370
USUK COUNTY,1132
USUK COUNTY,393
USUK COUNTY,231
USUK COUNTY,158
BBALE COUNTY,12753
BBALE COUNTY,5074
BBALE COUNTY,4840
BBALE COUNTY,3221
BBALE COUNTY,2979
BBALE COUNTY,2718
BBALE COUNTY,2483
BBALE COUNTY,1729
BBALE COUNTY,934
BBALE COUNTY,334
BBALE COUNTY,257
BBALE COUNTY,142
NTENJERU COUNTY NORTH,22793
NTENJERU COUNTY NORTH,7540
NTENJERU COUNTY NORTH,4065
NTENJERU COUNTY NORTH,1383
NTENJERU COUNTY NORTH,162
NTENJERU COUNTY SOUTH,11300
NTENJERU COUNTY SOUTH,9718
NTENJERU COUNTY SOUTH,8552
NTENJERU COUNTY SOUTH,279
NTENJERU COUNTY SOUTH,115
NTENJERU COUNTY SOUTH,64
KAZO COUNTY,17733
KAZO COUNTY,10235
KAZO COUNTY,206
BUYANJA COUNTY,
BUYANJA EAST COUNTY,
KIBOGA  EAST COUNTY,17127
KIBOGA  EAST COUNTY,8500
KIBOGA  EAST COUNTY,379
KIBOGA  EAST COUNTY,373
KIBOGA  EAST COUNTY,373
KIBOGA  WEST COUNTY,10643
KIBOGA  WEST COUNTY,7815
KIBOGA  WEST COUNTY,1739
KIBOGA  WEST COUNTY,1249
KIBOGA  WEST COUNTY,459
KIBOGA  WEST COUNTY,117
KIBOGA  WEST COUNTY,93
KABWERI COUNTY,16455
KABWERI COUNTY,7586
KABWERI COUNTY,6108
KABWERI COUNTY,872
KABWERI COUNTY,664
KABWERI COUNTY,397
KABWERI COUNTY,100
KABWERI COUNTY,67
KIBUKU COUNTY,14628
KIBUKU COUNTY,5452
KIBUKU COUNTY,3233
KIBUKU COUNTY,1173
KIBUKU COUNTY,952
KIBUKU COUNTY,844
KIBUKU COUNTY,696
KIBUKU COUNTY,324
KIBUKU COUNTY,106
BUHAGUZI COUNTY,20761
BUHAGUZI COUNTY,18788
BUHAGUZI COUNTY,1065
BUHAGUZI EAST COUNTY,13102
BUHAGUZI EAST COUNTY,10613
BUHAGUZI EAST COUNTY,100
KASHONGI COUNTY,7790
KASHONGI COUNTY,7500
KASHONGI COUNTY,12
NYABUSHOZI COUNTY,24061
NYABUSHOZI COUNTY,11931
NYABUSHOZI COUNTY,292
NYABUSHOZI COUNTY,36
KIBANDA NORTH COUNTY,19950
KIBANDA NORTH COUNTY,10378
KIBANDA NORTH COUNTY,3958
KIBANDA NORTH COUNTY,1882
KIBANDA NORTH COUNTY,722
KIBANDA SOUTH COUNTY,10298
KIBANDA SOUTH COUNTY,8586
KIBANDA SOUTH COUNTY,427
BUFUMBIRA COUNTY EAST,17418
BUFUMBIRA COUNTY EAST,3826
BUFUMBIRA COUNTY EAST,1430
BUFUMBIRA COUNTY NORTH,7357
BUFUMBIRA COUNTY NORTH,4292
BUFUMBIRA COUNTY NORTH,1564
BUFUMBIRA COUNTY NORTH,252
BUFUMBIRA COUNTY NORTH,35
BUFUMBIRA COUNTY SOUTH,22423
BUFUMBIRA COUNTY SOUTH,18691
BUFUMBIRA COUNTY SOUTH,317
BUFUMBIRA COUNTY SOUTH,103
BUFUMBIRA COUNTY SOUTH,96
BUKIMBIRI COUNTY,11821
BUKIMBIRI COUNTY,11330
BUKIMBIRI COUNTY,167
BUKIMBIRI COUNTY,107
KISORO MUNICIPALITY,3568
KISORO MUNICIPALITY,3387
KISORO MUNICIPALITY,106
KISORO MUNICIPALITY,18
KITAGWENDA COUNTY,27538
KITAGWENDA COUNTY,17475
KITAGWENDA COUNTY,1164
KITAGWENDA COUNTY,370
KITAGWENDA COUNTY,302
KITAGWENDA COUNTY,262
CHUA EAST COUNTY,9195
CHUA EAST COUNTY,6572
CHUA EAST COUNTY,2784
CHUA EAST COUNTY,1864
CHUA EAST COUNTY,983
CHUA EAST COUNTY,390
CHUA WEST COUNTY,11368
CHUA WEST COUNTY,7239
CHUA WEST COUNTY,546
CHUA WEST COUNTY,316
CHUA WEST COUNTY,275
KITGUM MUNICIPALITY,3263
KITGUM MUNICIPALITY,3052
KITGUM MUNICIPALITY,3045
KITGUM MUNICIPALITY,1297
KITGUM MUNICIPALITY,149
KOBOKO COUNTY,10609
KOBOKO COUNTY,5317
KOBOKO COUNTY,4017
KOBOKO COUNTY,2861
KOBOKO COUNTY,496
KOBOKO COUNTY,411
KOBOKO MUNICIPALITY,7645
KOBOKO MUNICIPALITY,3400
KOBOKO NORTH COUNTY,7037
KOBOKO NORTH COUNTY,6720
KOBOKO NORTH COUNTY,476
KOLE NORTH COUNTY,16334
KOLE NORTH COUNTY,9632
KOLE NORTH COUNTY,3242
KOLE NORTH COUNTY,2011
KOLE NORTH COUNTY,1589
KOLE SOUTH COUNTY,12926
KOLE SOUTH COUNTY,10878
KOLE SOUTH COUNTY,7548
KOLE SOUTH COUNTY,3191
KOLE SOUTH COUNTY,812
KOLE SOUTH COUNTY,103
JIE COUNTY,14914
JIE COUNTY,13866
KOTIDO MUNICIPALITY,7260
KOTIDO MUNICIPALITY,5575
KANYUM COUNTY,17660
KANYUM COUNTY,3904
KANYUM COUNTY,1869
KANYUM COUNTY,1162
KUMI COUNTY,15491
KUMI COUNTY,8991
KUMI COUNTY,2655
KUMI COUNTY,2096
KUMI COUNTY,1650
KUMI COUNTY,710
KUMI COUNTY,195
KUMI MUNICIPALITY,6168
KUMI MUNICIPALITY,3069
KUMI MUNICIPALITY,1693
KUMI MUNICIPALITY,636
KUMI MUNICIPALITY,172
KUMI MUNICIPALITY,107
KUMI MUNICIPALITY,72
KUMI MUNICIPALITY,63
KUMI MUNICIPALITY,44
KWANIA COUNTY,8216
KWANIA COUNTY,8036
KWANIA COUNTY,2956
KWANIA COUNTY,2668
KWANIA COUNTY,1162
KWANIA COUNTY,404
KWANIA COUNTY,215
KWANIA NORTH COUNTY,14907
KWANIA NORTH COUNTY,13406
KWANIA NORTH COUNTY,2152
KWANIA NORTH COUNTY,455
KWEEN COUNTY,19069
KWEEN COUNTY,9799
SOI COUNTY,1984
SOI COUNTY,1682
SOI COUNTY,770
BUTEMBA COUNTY,12411
BUTEMBA COUNTY,11336
BUTEMBA COUNTY,6033
BUTEMBA COUNTY,3351
BUTEMBA COUNTY,461
BUTEMBA COUNTY,256
NTWETWE COUNTY,13466
NTWETWE COUNTY,7832
NTWETWE COUNTY,6918
NTWETWE COUNTY,1113
KYAKA CENTRAL COUNTY,15956
KYAKA CENTRAL COUNTY,8983
KYAKA CENTRAL COUNTY,173
KYAKA CENTRAL COUNTY,132
KYAKA NORTH COUNTY,16731
KYAKA NORTH COUNTY,15392
KYAKA SOUTH COUNTY,
MWENGE CENTRAL COUNTY,20428
MWENGE CENTRAL COUNTY,10551
MWENGE CENTRAL COUNTY,1612
MWENGE CENTRAL COUNTY,622
MWENGE CENTRAL COUNTY,513
MWENGE CENTRAL COUNTY,239
MWENGE COUNTY NORTH,19933
MWENGE COUNTY NORTH,17754
MWENGE COUNTY NORTH,375
MWENGE COUNTY NORTH,127
MWENGE COUNTY SOUTH,36921
MWENGE COUNTY SOUTH,12496
MWENGE COUNTY SOUTH,7550
MWENGE COUNTY SOUTH,1246
MWENGE COUNTY SOUTH,1167
MWENGE COUNTY SOUTH,600
KAKUUTO COUNTY,10065
KAKUUTO COUNTY,8313
KAKUUTO COUNTY,1922
KAKUUTO COUNTY,1871
KAKUUTO COUNTY,550
KAKUUTO COUNTY,135
KAKUUTO COUNTY,82
KYOTERA COUNTY,28230
KYOTERA COUNTY,20431
KYOTERA COUNTY,4004
KYOTERA COUNTY,430
KYOTERA COUNTY,277
KYOTERA COUNTY,59
LAMWO COUNTY,16393
LAMWO COUNTY,3358
LAMWO COUNTY,3303
LAMWO COUNTY,1854
LAMWO COUNTY,628
LAMWO COUNTY,293
PALABEK COUNTY,
ERUTE COUNTY NORTH,14372
ERUTE COUNTY NORTH,9245
ERUTE COUNTY NORTH,3520
ERUTE COUNTY NORTH,0
ERUTE COUNTY NORTH,0
ERUTE COUNTY SOUTH,17763
ERUTE COUNTY SOUTH,15606
ERUTE COUNTY SOUTH,787
ERUTE COUNTY SOUTH,328
LIRA EAST DIVISION,14119
LIRA EAST DIVISION,7222
LIRA EAST DIVISION,2881
LIRA EAST DIVISION,2042
LIRA EAST DIVISION,1267
LIRA EAST DIVISION,204
LIRA EAST DIVISION,137
LIRA WEST DIVISION,9185
LIRA WEST DIVISION,7259
LIRA WEST DIVISION,2619
LIRA WEST DIVISION,2305
LIRA WEST DIVISION,1089
LIRA WEST DIVISION,1071
LIRA WEST DIVISION,397
LIRA WEST DIVISION,340
LIRA WEST DIVISION,248
LIRA WEST DIVISION,232
LIRA WEST DIVISION,210
LIRA WEST DIVISION,134
LUUKA NORTH COUNTY,16159
LUUKA NORTH COUNTY,10782
LUUKA NORTH COUNTY,1620
LUUKA NORTH COUNTY,432
LUUKA NORTH COUNTY,102
LUUKA SOUTH COUNTY,16910
LUUKA SOUTH COUNTY,6214
LUUKA SOUTH COUNTY,4424
LUUKA SOUTH COUNTY,2207
LUUKA SOUTH COUNTY,1895
LUUKA SOUTH COUNTY,558
LUUKA SOUTH COUNTY,272
BAMUNANIKA COUNTY,27850
BAMUNANIKA COUNTY,24463
BAMUNANIKA COUNTY,1424
BAMUNANIKA COUNTY,483
BAMUNANIKA COUNTY,422
KATIKAMU COUNTY NORTH,18716
KATIKAMU COUNTY NORTH,10771
KATIKAMU COUNTY NORTH,7006
KATIKAMU COUNTY NORTH,4917
KATIKAMU COUNTY NORTH,3416
KATIKAMU COUNTY NORTH,655
KATIKAMU COUNTY NORTH,122
KATIKAMU COUNTY SOUTH,21197
KATIKAMU COUNTY SOUTH,9798
KATIKAMU COUNTY SOUTH,8132
KATIKAMU COUNTY SOUTH,6528
KATIKAMU COUNTY SOUTH,1659
KATIKAMU COUNTY SOUTH,666
KATIKAMU COUNTY SOUTH,554
KATIKAMU COUNTY SOUTH,297
BUKOTO COUNTY MID-WEST,12927
BUKOTO COUNTY MID-WEST,9015
BUKOTO COUNTY MID-WEST,7716
BUKOTO COUNTY MID-WEST,3326
BUKOTO COUNTY MID-WEST,335
BUKOTO COUNTY WEST,12882
BUKOTO COUNTY WEST,7910
BUKOTO COUNTY WEST,6115
BUKOTO COUNTY WEST,1001
BUKOTO COUNTY WEST,101
BUKOTO COUNTY WEST,89
BUKOTO COUNTYSOUTH,8883
BUKOTO COUNTYSOUTH,6684
BUKOTO COUNTYSOUTH,5621
BUKOTO COUNTYSOUTH,3205
KABULA COUNTY,13721
KABULA COUNTY,12373
KABULA COUNTY,4379
KABULA COUNTY,602
LOWER MADI COUNTY,11238
LOWER MADI COUNTY,10568
LOWER MADI COUNTY,152
LOWER MADI COUNTY,141
UPPER MADI COUNTY,6954
UPPER MADI COUNTY,3395
UPPER MADI COUNTY,2594
UPPER MADI COUNTY,1215
UPPER MADI COUNTY,805
UPPER MADI COUNTY,574
UPPER MADI COUNTY,450
BUBULO COUNTY WEST,10339
BUBULO COUNTY WEST,9136
BUBULO COUNTY WEST,6396
BUBULO COUNTY WEST,4797
BUBULO COUNTY WEST,586
BUBULO COUNTY WEST,296
BUTIRU COUNTY,16070
BUTIRU COUNTY,1080
BUTIRU COUNTY,571
BUTIRU COUNTY,491
MARACHA COUNTY,12496
MARACHA COUNTY,5690
MARACHA COUNTY,4866
MARACHA COUNTY,336
MARACHA EAST COUNTY,12460
MARACHA EAST COUNTY,6543
MARACHA EAST COUNTY,2768
MARACHA EAST COUNTY,2178
MARACHA EAST COUNTY,1473
MARACHA EAST COUNTY,705
MARACHA EAST COUNTY,255
BUKOTO COUNTY CENTRAL,9916
BUKOTO COUNTY CENTRAL,4902
BUKOTO COUNTY CENTRAL,1701
BUKOTO COUNTY CENTRAL,1017
BUKOTO COUNTY CENTRAL,672
BUKOTO COUNTY CENTRAL,224
BUKOTO COUNTY EAST,8630
BUKOTO COUNTY EAST,5643
BUKOTO COUNTY EAST,2221
BUKOTO COUNTY EAST,134
BUKOTO COUNTY EAST,125
BUKOTO COUNTY EAST,86
BUKOTO COUNTY EAST,60
KIMAANYA-KABONERA DIVISION,15341
KIMAANYA-KABONERA DIVISION,5864
KIMAANYA-KABONERA DIVISION,1743
KIMAANYA-KABONERA DIVISION,688
KIMAANYA-KABONERA DIVISION,501
KIMAANYA-KABONERA DIVISION,360
KIMAANYA-KABONERA DIVISION,229
NYENDO-MUKUNGWE DIVISION,26810
NYENDO-MUKUNGWE DIVISION,11238
NYENDO-MUKUNGWE DIVISION,3513
NYENDO-MUKUNGWE DIVISION,1127
NYENDO-MUKUNGWE DIVISION,720
NYENDO-MUKUNGWE DIVISION,639
NYENDO-MUKUNGWE DIVISION,623
NYENDO-MUKUNGWE DIVISION,125
BUJENJE COUNTY,16301
BUJENJE COUNTY,10277
BUJENJE COUNTY,1426
BUJENJE COUNTY,874
BURULI COUNTY,8848
BURULI COUNTY,8316
BURULI COUNTY,7430
BURULI COUNTY,362
MASINDI MUNICIPALITY,10440
MASINDI MUNICIPALITY,10276
MASINDI MUNICIPALITY,7031
MASINDI MUNICIPALITY,1382
MASINDI MUNICIPALITY,276
BUNYA COUNTY EAST,16641
BUNYA COUNTY EAST,10250
BUNYA COUNTY EAST,2201
BUNYA COUNTY EAST,1982
BUNYA COUNTY EAST,1220
BUNYA COUNTY EAST,764
BUNYA COUNTY EAST,662
BUNYA COUNTY EAST,620
BUNYA COUNTY EAST,268
BUNYA COUNTY EAST,88
BUNYA COUNTY SOUTH,19833
BUNYA COUNTY SOUTH,14364
BUNYA COUNTY SOUTH,5613
BUNYA COUNTY SOUTH,828
BUNYA COUNTY SOUTH,607
BUNYA COUNTY SOUTH,544
BUNYA COUNTY SOUTH,228
BUNYA COUNTY WEST,19312
BUNYA COUNTY WEST,11567
BUNYA COUNTY WEST,9131
BUNYA COUNTY WEST,2144
BUNYA COUNTY WEST,1955
BUNYA COUNTY WEST,691
BUNGOKHO CENTRAL COUNTY,15601
BUNGOKHO CENTRAL COUNTY,12227
BUNGOKHO CENTRAL COUNTY,1202
BUNGOKHO CENTRAL COUNTY,621
BUNGOKHO CENTRAL COUNTY,117
BUNGOKHO COUNTY NORTH,6077
BUNGOKHO COUNTY NORTH,4602
BUNGOKHO COUNTY NORTH,3922
BUNGOKHO COUNTY NORTH,749
BUNGOKHO COUNTY NORTH,565
BUNGOKHO COUNTY NORTH,373
BUNGOKHO COUNTY NORTH,264
BUNGOKHO COUNTY SOUTH,9842
BUNGOKHO COUNTY SOUTH,6763
BUNGOKHO COUNTY SOUTH,5814
BUNGOKHO COUNTY SOUTH,333
BUNGOKHO COUNTY SOUTH,94
INDUSTRIAL DIVISION,15881
INDUSTRIAL DIVISION,8822
INDUSTRIAL DIVISION,2481
INDUSTRIAL DIVISION,1984
INDUSTRIAL DIVISION,1790
INDUSTRIAL DIVISION,1272
INDUSTRIAL DIVISION,772
INDUSTRIAL DIVISION,347
NORTHERN DIVISION,9854
NORTHERN DIVISION,9413
NORTHERN DIVISION,7529
NORTHERN DIVISION,4836
NORTHERN DIVISION,4135
NORTHERN DIVISION,4027
NORTHERN DIVISION,1052
NORTHERN DIVISION,686
NORTHERN DIVISION,535
NORTHERN DIVISION,161
KASHARI NORTH COUNTY,13995
KASHARI NORTH COUNTY,7018
KASHARI NORTH COUNTY,1248
KASHARI NORTH COUNTY,1029
KASHARI NORTH COUNTY,304
KASHARI NORTH COUNTY,164
KASHARI NORTH COUNTY,61
KASHARI SOUTH COUNTY,10252
KASHARI SOUTH COUNTY,8593
KASHARI SOUTH COUNTY,4750
KASHARI SOUTH COUNTY,588
KASHARI SOUTH COUNTY,432
KASHARI SOUTH COUNTY,154
MBARARA NORTH DIVISION,9004
MBARARA NORTH DIVISION,3234
MBARARA NORTH DIVISION,3212
MBARARA NORTH DIVISION,1265
MBARARA NORTH DIVISION,1074
MBARARA NORTH DIVISION,964
MBARARA NORTH DIVISION,300
MBARARA NORTH DIVISION,217
MBARARA NORTH DIVISION,90
MBARARA NORTH DIVISION,45
MBARARA SOUTH DIVISION,15770
MBARARA SOUTH DIVISION,11269
MBARARA SOUTH DIVISION,2250
MBARARA SOUTH DIVISION,999
MBARARA SOUTH DIVISION,491
MBARARA SOUTH DIVISION,267
MBARARA SOUTH DIVISION,255
MBARARA SOUTH DIVISION,167
MBARARA SOUTH DIVISION,91
MBARARA SOUTH DIVISION,50
RUHINDA COUNTY,14918
RUHINDA COUNTY,5746
RUHINDA COUNTY,1377
RUHINDA COUNTY,264
RUHINDA COUNTY,216
RUHINDA COUNTY,61
RUHINDA COUNTY,25
RUHINDA NORTH COUNTY,18341
RUHINDA NORTH COUNTY,2297
RUHINDA NORTH COUNTY,569
RUHINDA NORTH COUNTY,545
RUHINDA NORTH COUNTY,376
RUHINDA SOUTH COUNTY,16551
RUHINDA SOUTH COUNTY,3337
RUHINDA SOUTH COUNTY,765
RUHINDA SOUTH COUNTY,389
BUSUJJU COUNTY,19174
BUSUJJU COUNTY,10198
BUSUJJU COUNTY,133
BUSUJJU COUNTY,72
MITYANA COUNTY NORTH,13784
MITYANA COUNTY NORTH,13557
MITYANA COUNTY NORTH,551
MITYANA COUNTY NORTH,488
MITYANA COUNTY NORTH,406
MITYANA COUNTY NORTH,332
MITYANA COUNTY NORTH,217
MITYANA COUNTY NORTH,144
MITYANA COUNTY SOUTH,9252
MITYANA COUNTY SOUTH,6032
MITYANA COUNTY SOUTH,3377
MITYANA COUNTY SOUTH,610
MITYANA MUNICIPALITY,23977
MITYANA MUNICIPALITY,6590
MITYANA MUNICIPALITY,2753
MITYANA MUNICIPALITY,836
MITYANA MUNICIPALITY,453
MITYANA MUNICIPALITY,201
MITYANA MUNICIPALITY,114
MITYANA MUNICIPALITY,80
MITYANA MUNICIPALITY,59
MATHENIKO COUNTY,6794
MATHENIKO COUNTY,6602
MATHENIKO COUNTY,1723
MOROTO MUNICIPALITY,1935
MOROTO MUNICIPALITY,1911
TEPETH COUNTY,3896
TEPETH COUNTY,1313
TEPETH COUNTY,718
TEPETH COUNTY,0
WEST MOYO COUNTY,14316
WEST MOYO COUNTY,7403
WEST MOYO COUNTY,2701
WEST MOYO COUNTY,560
MAWOKOTA COUNTY NORTH,31817
MAWOKOTA COUNTY NORTH,12519
MAWOKOTA COUNTY NORTH,2666
MAWOKOTA COUNTY NORTH,331
MAWOKOTA COUNTY SOUTH,20597
MAWOKOTA COUNTY SOUTH,9640
MAWOKOTA COUNTY SOUTH,4648
MAWOKOTA COUNTY SOUTH,2048
MAWOKOTA COUNTY SOUTH,1432
BUWEKULA COUNTY,15051
BUWEKULA COUNTY,7225
BUWEKULA COUNTY,3351
BUWEKULA COUNTY,1582
BUWEKULA COUNTY,863
BUWEKULA SOUTH COUNTY,8075
BUWEKULA SOUTH COUNTY,7479
BUWEKULA SOUTH COUNTY,1107
KASAMBYA COUNTY,26378
KASAMBYA COUNTY,7784
KASAMBYA COUNTY,6035
KASAMBYA COUNTY,4819
KASAMBYA COUNTY,1972
KASAMBYA COUNTY,376
MUBENDE MUNICIPALITY,9993
MUBENDE MUNICIPALITY,9021
MUBENDE MUNICIPALITY,2944
MUBENDE MUNICIPALITY,723
MUBENDE MUNICIPALITY,228
MUBENDE MUNICIPALITY,58
MUKONO COUNTY NORTH,18680
MUKONO COUNTY NORTH,8568
MUKONO COUNTY NORTH,278
MUKONO COUNTY NORTH,209
MUKONO COUNTY NORTH,159
MUKONO COUNTY NORTH,126
MUKONO COUNTY NORTH,114
MUKONO COUNTY SOUTH,26512
MUKONO COUNTY SOUTH,10922
MUKONO COUNTY SOUTH,4831
MUKONO COUNTY SOUTH,722
MUKONO COUNTY SOUTH,382
MUKONO COUNTY SOUTH,278
MUKONO MUNICIPALITY,38383
MUKONO MUNICIPALITY,16209
MUKONO MUNICIPALITY,6167
MUKONO MUNICIPALITY,457
MUKONO MUNICIPALITY,355
MUKONO MUNICIPALITY,319
MUKONO MUNICIPALITY,159
MUKONO MUNICIPALITY,145
NAKIFUMA COUNTY,20072
NAKIFUMA COUNTY,12564
NAKIFUMA COUNTY,11545
NAKIFUMA COUNTY,6607
NAKIFUMA COUNTY,3171
NAKIFUMA COUNTY,819
NAKIFUMA COUNTY,358
NAKIFUMA COUNTY,327
NAKIFUMA COUNTY,290
NAKIFUMA COUNTY,196
PIAN COUNTY,
CHEKWII COUNTY (KADAM),8680
CHEKWII COUNTY (KADAM),6367
CHEKWII COUNTY (KADAM),1723
CHEKWII COUNTY (KADAM),509
CHEKWII EAST COUNTY,3173
CHEKWII EAST COUNTY,1689
CHEKWII EAST COUNTY,1044
CHEKWII EAST COUNTY,76
CHEKWII EAST COUNTY,0
NAKASEKE CENTRAL COUNTY,9298
NAKASEKE CENTRAL COUNTY,7042
NAKASEKE CENTRAL COUNTY,700
NAKASEKE CENTRAL COUNTY,293
NAKASEKE CENTRAL COUNTY,56
NAKASEKE CENTRAL COUNTY,39
NAKASEKE NORTH COUNTY,
NAKASEKE SOUTH COUNTY,26173
NAKASEKE SOUTH COUNTY,9886
NAKASEKE SOUTH COUNTY,236
BUDYEBO COUNTY,15138
BUDYEBO COUNTY,8948
BUDYEBO COUNTY,1677
NAKASONGOLA COUNTY,17220
NAKASONGOLA COUNTY,9326
NAKASONGOLA COUNTY,2681
BUKOOLI ISLAND COUNTY,6055
BUKOOLI ISLAND COUNTY,5152
BUKOOLI ISLAND COUNTY,491
BUKOOLI ISLAND COUNTY,385
BUKOOLI SOUTH COUNTY,4496
BUKOOLI SOUTH COUNTY,4450
BUKOOLI SOUTH COUNTY,3087
BUKOOLI SOUTH COUNTY,2719
BUKOOLI SOUTH COUNTY,2070
BUKOOLI SOUTH COUNTY,1808
BUKOOLI SOUTH COUNTY,317
BUKOOLI SOUTH COUNTY,156
BUKOOLI SOUTH COUNTY,100
BUKOOLI SOUTH COUNTY,37
NAMAYINGO SOUTH COUNTY,8680
NAMAYINGO SOUTH COUNTY,5934
NAMAYINGO SOUTH COUNTY,5416
NAMAYINGO SOUTH COUNTY,4695
NAMAYINGO SOUTH COUNTY,802
NAMAYINGO SOUTH COUNTY,687
NAMAYINGO SOUTH COUNTY,508
NAMAYINGO SOUTH COUNTY,484
NAMAYINGO SOUTH COUNTY,407
NAMAYINGO SOUTH COUNTY,232
BUBULO EAST COUNTY,23876
BUBULO EAST COUNTY,11569
BUBULO EAST COUNTY,487
BUBULO EAST COUNTY,401
NAMISINDWA COUNTY,10230
NAMISINDWA COUNTY,4047
NAMISINDWA COUNTY,4041
NAMISINDWA COUNTY,1652
NAMISINDWA COUNTY,476
NAMISINDWA COUNTY,183
NAMISINDWA COUNTY,115
BUKONO COUNTY,10955
BUKONO COUNTY,10370
BUKONO COUNTY,590
BUKONO COUNTY,423
BUKONO COUNTY,64
BUKONO COUNTY,27
BUSIKI COUNTY,19470
BUSIKI COUNTY,8174
BUSIKI COUNTY,4560
BUSIKI COUNTY,332
BUSIKI COUNTY,294
BUSIKI COUNTY,244
BUSIKI COUNTY,208
BUSIKI COUNTY,140
BUSIKI COUNTY,117
BUSIKI NORTH COUNTY,5069
BUSIKI NORTH COUNTY,3081
BUSIKI NORTH COUNTY,1816
BUSIKI NORTH COUNTY,1393
BUSIKI NORTH COUNTY,1096
BUSIKI NORTH COUNTY,422
BUSIKI NORTH COUNTY,398
BUSIKI NORTH COUNTY,161
BUSIKI NORTH COUNTY,125
BUSIKI NORTH COUNTY,79
BUSIKI NORTH COUNTY,36
BOKORA COUNTY,10723
BOKORA COUNTY,6491
BOKORA EAST COUNTY,13673
BOKORA EAST COUNTY,4084
NEBBI MUNICIPALITY,4949
NEBBI MUNICIPALITY,4472
NEBBI MUNICIPALITY,675
NEBBI MUNICIPALITY,183
NEBBI MUNICIPALITY,62
PADYERE COUNTY,28060
PADYERE COUNTY,22730
PADYERE COUNTY,2258
PADYERE COUNTY,1875
PADYERE COUNTY,1386
PADYERE COUNTY,1045
PADYERE COUNTY,777
PADYERE COUNTY,761
PADYERE COUNTY,690
KAPIR COUNTY,7703
KAPIR COUNTY,5065
KAPIR COUNTY,2214
KAPIR COUNTY,1632
KAPIR COUNTY,329
KAPIR COUNTY,129
NGORA COUNTY,9517
NGORA COUNTY,9226
NGORA COUNTY,395
NGORA COUNTY,386
NGORA COUNTY,76
NGORA COUNTY,55
NTOROKO COUNTY,10884
NTOROKO COUNTY,9963
NTOROKO COUNTY,375
NTOROKO COUNTY,195
NTOROKO COUNTY,89
NTOROKO COUNTY,66
KAJARA COUNTY,23471
KAJARA COUNTY,6719
KAJARA COUNTY,1771
KAJARA COUNTY,1497
KAJARA COUNTY,868
NTUNGAMO MUNICIPALITY,3278
NTUNGAMO MUNICIPALITY,2422
NTUNGAMO MUNICIPALITY,463
NTUNGAMO MUNICIPALITY,349
NTUNGAMO MUNICIPALITY,69
NTUNGAMO MUNICIPALITY,37
RUHAAMA COUNTY,47203
RUHAAMA COUNTY,7407
RUHAAMA COUNTY,1442
RUHAAMA COUNTY,1432
RUHAAMA EAST COUNTY,24417
RUHAAMA EAST COUNTY,10875
RUSHENYI COUNTY,22152
RUSHENYI COUNTY,19417
RUSHENYI COUNTY,229
RUSHENYI COUNTY,216
NWOYA COUNTY,7294
NWOYA COUNTY,5165
NWOYA COUNTY,642
NWOYA COUNTY,392
NWOYA EAST COUNTY,3856
NWOYA EAST COUNTY,3141
NWOYA EAST COUNTY,2711
NWOYA EAST COUNTY,1028
NWOYA EAST COUNTY,449
NWOYA EAST COUNTY,306
NWOYA EAST COUNTY,206
NWOYA EAST COUNTY,204
NWOYA EAST COUNTY,171
NWOYA EAST COUNTY,124
OBONGI COUNTY,6726
OBONGI COUNTY,5968
OMORO COUNTY,12373
OMORO COUNTY,5935
OMORO COUNTY,1221
OMORO COUNTY,452
OMORO COUNTY,212
OMORO COUNTY,206
TOCHI COUNTY,8150
TOCHI COUNTY,4458
TOCHI COUNTY,1347
TOCHI COUNTY,1226
OTUKE COUNTY,6681
OTUKE COUNTY,6442
OTUKE COUNTY,1369
OTUKE COUNTY,391
OTUKE COUNTY,88
OTUKE EAST COUNTY,9396
OTUKE EAST COUNTY,6185
OTUKE EAST COUNTY,2073
OTUKE EAST COUNTY,195
OYAM COUNTY NORTH,22895
OYAM COUNTY NORTH,17114
OYAM COUNTY NORTH,8498
OYAM COUNTY NORTH,175
OYAM COUNTY NORTH,140
OYAM COUNTY SOUTH,27024
OYAM COUNTY SOUTH,14883
OYAM COUNTY SOUTH,5504
OYAM COUNTY SOUTH,1205
OYAM COUNTY SOUTH,1032
OYAM COUNTY SOUTH,358
OYAM COUNTY SOUTH,140
OYAM COUNTY SOUTH,125
ARUU COUNTY,9796
ARUU COUNTY,6199
ARUU COUNTY,2892
ARUU COUNTY,300
ARUU COUNTY,164
ARUU COUNTY,150
ARUU COUNTY,70
ARUU NORTH COUNTY,9498
ARUU NORTH COUNTY,8492
ARUU NORTH COUNTY,6413
ARUU NORTH COUNTY,528
ARUU NORTH COUNTY,495
ARUU NORTH COUNTY,248
ARUU NORTH COUNTY,180
JONAM COUNTY,23840
JONAM COUNTY,21586
JONAM COUNTY,2446
JONAM COUNTY,934
AGULE COUNTY,7190
AGULE COUNTY,6908
AGULE COUNTY,2430
AGULE COUNTY,740
AGULE COUNTY,115
AGULE COUNTY,104
GOGONYO COUNTY,6280
GOGONYO COUNTY,6214
GOGONYO COUNTY,3687
,
GOGONYO COUNTY,699
GOGONYO COUNTY,464
GOGONYO COUNTY,167
KIBALE COUNTY,5837
KIBALE COUNTY,3423
KIBALE COUNTY,1092
KIBALE COUNTY,560
KIBALE COUNTY,448
KIBALE COUNTY,164
KIBALE COUNTY,52
PALLISA COUNTY,15119
PALLISA COUNTY,10607
PALLISA COUNTY,6918
PALLISA COUNTY,2972
PALLISA COUNTY,1533
PALLISA COUNTY,543
PALLISA COUNTY,266
PALLISA COUNTY,161
BUYAMBA COUNTY,
KOOKI COUNTY,29587
KOOKI COUNTY,9300
KOOKI COUNTY,5275
RUBANDA COUNTY EAST,17502
RUBANDA COUNTY EAST,16892
RUBANDA COUNTY EAST,701
RUBANDA COUNTY EAST,221
RUBANDA COUNTY EAST,32
RUBANDA COUNTY EAST,19
RUBANDA COUNTY WEST,22238
RUBANDA COUNTY WEST,20671
BUNYARUGURU COUNTY,13036
BUNYARUGURU COUNTY,12428
BUNYARUGURU COUNTY,109
BUNYARUGURU COUNTY,105
BUNYARUGURU COUNTY,44
KATERERA COUNTY,12213
KATERERA COUNTY,9302
KATERERA COUNTY,563
KATERERA COUNTY,328
KATERERA COUNTY,139
KATERERA COUNTY,62
RUKIGA COUNTY,10911
RUKIGA COUNTY,10550
RUKIGA COUNTY,9623
RUKIGA COUNTY,6964
RUKIGA COUNTY,628
RUKIGA COUNTY,121
RUBABO COUNTY,27908
RUBABO COUNTY,20287
RUBABO COUNTY,1859
RUBABO COUNTY,332
RUBABO COUNTY,132
RUJUMBURA COUNTY,23990
RUJUMBURA COUNTY,20556
RUJUMBURA COUNTY,2149
RUJUMBURA COUNTY,230
RUKUNGIRI MUNICIPALITY,5588
RUKUNGIRI MUNICIPALITY,3584
RUKUNGIRI MUNICIPALITY,2266
RUKUNGIRI MUNICIPALITY,1098
RUKUNGIRI MUNICIPALITY,191
RUKUNGIRI MUNICIPALITY,172
RUKUNGIRI MUNICIPALITY,109
RUKUNGIRI MUNICIPALITY,91
RUKUNGIRI MUNICIPALITY,3
RWAMPARA COUNTY,11936
RWAMPARA COUNTY,4821
RWAMPARA COUNTY,1195
RWAMPARA COUNTY,882
RWAMPARA COUNTY,278
RWAMPARA COUNTY,184
RWAMPARA EAST COUNTY,11318
RWAMPARA EAST COUNTY,9331
RWAMPARA EAST COUNTY,240
RWAMPARA EAST COUNTY,228
RWAMPARA EAST COUNTY,175
RWAMPARA EAST COUNTY,91
KASILO COUNTY,6415
KASILO COUNTY,4572
KASILO COUNTY,3522
KASILO COUNTY,3477
KASILO COUNTY,470
KASILO COUNTY,137
PINGIRE COUNTY,6351
PINGIRE COUNTY,5380
PINGIRE COUNTY,2369
PINGIRE COUNTY,807
PINGIRE COUNTY,48
PINGIRE COUNTY,46
SERERE COUNTY,17826
SERERE COUNTY,12631
SERERE COUNTY,10513
SERERE COUNTY,1035
SERERE COUNTY,945
SERERE COUNTY,338
SHEEMA COUNTY NORTH,10618
SHEEMA COUNTY NORTH,8726
SHEEMA COUNTY NORTH,1292
SHEEMA COUNTY NORTH,1127
SHEEMA COUNTY NORTH,511
SHEEMA COUNTY SOUTH,12862
SHEEMA COUNTY SOUTH,12658
SHEEMA COUNTY SOUTH,343
SHEEMA COUNTY SOUTH,285
SHEEMA COUNTY SOUTH,176
SHEEMA MUNICIPALITY,17466
SHEEMA MUNICIPALITY,13733
SHEEMA MUNICIPALITY,1338
SHEEMA MUNICIPALITY,314
SHEEMA MUNICIPALITY,123
BUDADIRI COUNTY  WEST,28986
BUDADIRI COUNTY  WEST,11526
BUDADIRI COUNTY  WEST,851
BUDADIRI COUNTY  WEST,555
BUDADIRI COUNTY  WEST,394
BUDADIRI COUNTY  WEST,288
BUDADIRI COUNTY EAST,15776
BUDADIRI COUNTY EAST,12152
BUDADIRI COUNTY EAST,7941
BUDADIRI COUNTY EAST,2363
BUDADIRI COUNTY EAST,1413
BUDADIRI COUNTY EAST,1083
BUDADIRI COUNTY EAST,174
BUDADIRI COUNTY EAST,150
DAKABELA COUNTY,13480
DAKABELA COUNTY,8621
DAKABELA COUNTY,4724
GWERI COUNTY,7456
GWERI COUNTY,6462
GWERI COUNTY,3027
GWERI COUNTY,89
SOROTI COUNTY,6481
SOROTI COUNTY,6001
SOROTI COUNTY,5937
SOROTI COUNTY,888
SOROTI COUNTY,699
SOROTI COUNTY,280
SOROTI COUNTY,254
SOROTI COUNTY,147
SOROTI COUNTY,26
SOROTI EAST DIVISION,7606
SOROTI EAST DIVISION,7167
SOROTI EAST DIVISION,397
SOROTI EAST DIVISION,185
SOROTI EAST DIVISION,99
SOROTI EAST DIVISION,86
SOROTI WEST DIVISION,7248
SOROTI WEST DIVISION,5286
SOROTI WEST DIVISION,1373
SOROTI WEST DIVISION,681
LWEMIYAGA COUNTY,8527
LWEMIYAGA COUNTY,5649
LWEMIYAGA COUNTY,4196
LWEMIYAGA COUNTY,384
MAWOGOLA COUNTY SOUTH,9783
MAWOGOLA COUNTY SOUTH,8418
MAWOGOLA COUNTY SOUTH,389
MAWOGOLA COUNTY SOUTH,314
MAWOGOLA COUNTY SOUTH,237
MAWOGOLA COUNTY SOUTH,103
MAWOGOLA COUNTY SOUTH,81
MAWOGOLA NORTH COUNTY,17274
MAWOGOLA NORTH COUNTY,2544
MAWOGOLA NORTH COUNTY,2346
MAWOGOLA NORTH COUNTY,2025
MAWOGOLA NORTH COUNTY,138
MAWOGOLA NORTH COUNTY,83
MAWOGOLA NORTH COUNTY,72
MAWOGOLA NORTH COUNTY,5
MAWOGOLA WEST COUNTY,10487
MAWOGOLA WEST COUNTY,6378
MAWOGOLA WEST COUNTY,1541
MAWOGOLA WEST COUNTY,521
MAWOGOLA WEST COUNTY,86
TEREGO EAST COUNTY,10544
TEREGO EAST COUNTY,5925
TEREGO EAST COUNTY,4569
TEREGO EAST COUNTY,2188
TEREGO EAST COUNTY,1396
TEREGO EAST COUNTY,827
TEREGO EAST COUNTY,530
TEREGO EAST COUNTY,415
TEREGO WEST COUNTY,10218
TEREGO WEST COUNTY,8126
TEREGO WEST COUNTY,2631
TEREGO WEST COUNTY,1066
TEREGO WEST COUNTY,824
TEREGO WEST COUNTY,0
TEREGO WEST COUNTY,0
TORORO MUNICIPALITY,5169
TORORO MUNICIPALITY,4564
TORORO MUNICIPALITY,1174
TORORO MUNICIPALITY,1034
TORORO MUNICIPALITY,686
TORORO MUNICIPALITY,182
TORORO MUNICIPALITY,78
TORORO MUNICIPALITY,67
TORORO MUNICIPALITY,36
TORORO NORTH COUNTY,9674
TORORO NORTH COUNTY,9563
TORORO NORTH COUNTY,5834
TORORO NORTH COUNTY,201
TORORO NORTH COUNTY,131
TORORO NORTH COUNTY,122
TORORO NORTH COUNTY,51
TORORO SOUTH COUNTY,15734
TORORO SOUTH COUNTY,9008
TORORO SOUTH COUNTY,1241
TORORO SOUTH COUNTY,1104
TORORO SOUTH COUNTY,784
TORORO SOUTH COUNTY,528
TORORO SOUTH COUNTY,412
TORORO SOUTH COUNTY,118
TORORO SOUTH COUNTY,86
WEST BUDAMA CENTRAL COUNTY,12084
WEST BUDAMA CENTRAL COUNTY,7610
WEST BUDAMA CENTRAL COUNTY,468
WEST BUDAMA CENTRAL COUNTY,376
WEST BUDAMA CENTRAL COUNTY,167
WEST BUDAMA CENTRAL COUNTY,103
WEST BUDAMA CENTRAL COUNTY,50
WEST BUDAMA CENTRAL COUNTY,0
WEST BUDAMA COUNTY NORTH,10981
WEST BUDAMA COUNTY NORTH,9856
WEST BUDAMA COUNTY NORTH,1584
WEST BUDAMA COUNTY NORTH,784
WEST BUDAMA COUNTY NORTH,278
WEST BUDAMA COUNTY NORTH,175
WEST BUDAMA COUNTY NORTH,85
WEST BUDAMA COUNTY NORTH,24
WEST BUDAMA COUNTY SOUTH,13648
WEST BUDAMA COUNTY SOUTH,4603
WEST BUDAMA COUNTY SOUTH,3527
WEST BUDAMA COUNTY SOUTH,739
WEST BUDAMA COUNTY SOUTH,386
WEST BUDAMA COUNTY SOUTH,75
WEST BUDAMA NORTH EAST COUNTY,11398
WEST BUDAMA NORTH EAST COUNTY,7171
WEST BUDAMA NORTH EAST COUNTY,1572
WEST BUDAMA NORTH EAST COUNTY,1051
WEST BUDAMA NORTH EAST COUNTY,176
WEST BUDAMA NORTH EAST COUNTY,100
BUSIRO COUNTY EAST,88918
BUSIRO COUNTY EAST,14561
BUSIRO COUNTY EAST,11758
BUSIRO COUNTY EAST,1433
BUSIRO COUNTY EAST,1386
BUSIRO COUNTY EAST,1023
BUSIRO COUNTY EAST,672
BUSIRO COUNTY EAST,571
BUSIRO COUNTY EAST,450
BUSIRO COUNTY EAST,322
BUSIRO COUNTY NORTH,21401
BUSIRO COUNTY NORTH,16136
BUSIRO COUNTY NORTH,893
BUSIRO COUNTY NORTH,767
BUSIRO COUNTY NORTH,249
BUSIRO COUNTY NORTH,199
BUSIRO COUNTY SOUTH,35391
BUSIRO COUNTY SOUTH,16418
BUSIRO COUNTY SOUTH,12842
BUSIRO COUNTY SOUTH,9729
BUSIRO COUNTY SOUTH,1308
BUSIRO COUNTY SOUTH,621
BUSIRO COUNTY SOUTH,397
BUSIRO COUNTY SOUTH,263
ENTEBBE MUNICIPALITY,12528
ENTEBBE MUNICIPALITY,8874
ENTEBBE MUNICIPALITY,1476
ENTEBBE MUNICIPALITY,1113
ENTEBBE MUNICIPALITY,1081
ENTEBBE MUNICIPALITY,989
ENTEBBE MUNICIPALITY,743
ENTEBBE MUNICIPALITY,348
KIRA MUNICIPALITY,42185
KIRA MUNICIPALITY,16999
KIRA MUNICIPALITY,8488
KIRA MUNICIPALITY,1013
KIRA MUNICIPALITY,839
KIRA MUNICIPALITY,584
KIRA MUNICIPALITY,520
KIRA MUNICIPALITY,158
KYADONDO COUNTY EAST,22422
KYADONDO COUNTY EAST,6327
KYADONDO COUNTY EAST,3849
KYADONDO COUNTY EAST,2090
KYADONDO COUNTY EAST,1416
KYADONDO COUNTY EAST,898
KYADONDO COUNTY EAST,836
KYADONDO COUNTY EAST,524
KYADONDO COUNTY EAST,428
KYADONDO COUNTY EAST,120
KYADONDO COUNTY EAST,107
MAKINDYE-SSABAGABO MUNICIPALITY,35892
MAKINDYE-SSABAGABO MUNICIPALITY,19418
MAKINDYE-SSABAGABO MUNICIPALITY,12344
MAKINDYE-SSABAGABO MUNICIPALITY,3417
MAKINDYE-SSABAGABO MUNICIPALITY,1449
MAKINDYE-SSABAGABO MUNICIPALITY,823
MAKINDYE-SSABAGABO MUNICIPALITY,557
MAKINDYE-SSABAGABO MUNICIPALITY,275
MAKINDYE-SSABAGABO MUNICIPALITY,140
MAKINDYE-SSABAGABO MUNICIPALITY,78
NANSANA MUNICIPALITY,67862
NANSANA MUNICIPALITY,15367
NANSANA MUNICIPALITY,8930
NANSANA MUNICIPALITY,3911
NANSANA MUNICIPALITY,2364
NANSANA MUNICIPALITY,2253
NANSANA MUNICIPALITY,1761
NANSANA MUNICIPALITY,744
NANSANA MUNICIPALITY,703
ARINGA COUNTY,6185
ARINGA COUNTY,3792
ARINGA COUNTY,3366
ARINGA COUNTY,1501
ARINGA COUNTY,125
ARINGA COUNTY,82
ARINGA EAST COUNTY,8185
ARINGA EAST COUNTY,5453
ARINGA EAST COUNTY,1212
ARINGA EAST COUNTY,323
ARINGA EAST COUNTY,232
ARINGA NORTH COUNTY,12597
ARINGA NORTH COUNTY,4990
ARINGA SOUTH  COUNTY,13870
ARINGA SOUTH  COUNTY,7451
ARINGA SOUTH  COUNTY,869
OKORO COUNTY,25810
OKORO COUNTY,3905
OKORO COUNTY,1965
OKORO COUNTY,718
ORA COUNTY,19684
ORA COUNTY,7320
ORA COUNTY,1275
ORA COUNTY,461
,
ABIM,7705
ABIM,7608
ABIM,6920
ABIM,1787
ADJUMANI,32488
ADJUMANI,12341
ADJUMANI,1432
ADJUMANI,852
ADJUMANI,693
AGAGO,31621
AGAGO,26840
AGAGO,3819
AGAGO,1911
AGAGO,1180
ALEBTONG,29184
ALEBTONG,17269
ALEBTONG,11672
ALEBTONG,6346
ALEBTONG,1582
ALEBTONG,1040
AMOLATAR,23926
AMOLATAR,20174
AMOLATAR,7308
AMOLATAR,556
AMOLATAR,470
AMUDAT,15685
AMUDAT,11154
AMUDAT,3981
AMURIA,20284
AMURIA,18341
AMURIA,11469
AMURIA,6645
AMURIA,953
AMURU,21183
AMURU,15353
APAC,28002
APAC,24761
APAC,1185
ARUA,
ARUA CITY,39752
ARUA CITY,14044
ARUA CITY,11832
ARUA CITY,6380
ARUA CITY,2476
BUDAKA,24042
BUDAKA,14931
BUDAKA,8864
BUDAKA,6275
BUDAKA,3841
BUDAKA,2837
BUDAKA,2464
BUDAKA,438
BUDAKA,270
BUDAKA,253
BUDUDA,27516
BUDUDA,17808
BUGIRI,40638
BUGIRI,25989
BUGIRI,16769
BUGIRI,15353
BUGIRI,1747
BUGIRI,1223
BUGWERI,15739
BUGWERI,14198
BUGWERI,13084
BUGWERI,1612
BUGWERI,681
BUGWERI,681
BUHWEJU,26199
BUHWEJU,17418
BUHWEJU,2845
BUHWEJU,1077
BUHWEJU,482
BUIKWE,43215
BUIKWE,41561
BUIKWE,30275
BUIKWE,3613
BUIKWE,2590
BUIKWE,2237
BUIKWE,2054
BUIKWE,1408
BUKEDEA,
BUKOMANSIMBI,28459
BUKOMANSIMBI,16035
BUKOMANSIMBI,1562
BUKOMANSIMBI,969
BUKWO,16603
BUKWO,15585
BUKWO,415
BULAMBULI,28875
BULAMBULI,19656
BULAMBULI,1133
BULAMBULI,1009
BULIISA,23474
BULIISA,3879
BUNDIBUGYO,36594
BUNDIBUGYO,35222
BUNDIBUGYO,5
BUNYANGABU,34057
BUNYANGABU,23289
BUSHENYI,73055
BUSHENYI,10658
BUSHENYI,1629
BUSHENYI,486
BUSIA,33701
BUSIA,27148
BUSIA,14605
BUSIA,8184
BUSIA,6345
BUSIA,3650
BUSIA,1549
BUSIA,1508
BUSIA,857
BUTALEJA,33105
BUTALEJA,29586
BUTALEJA,3496
BUTALEJA,2014
BUTALEJA,1922
BUTAMBALA,22335
BUTAMBALA,14623
BUTAMBALA,187
BUTAMBALA,86
BUTEBO,14475
BUTEBO,12175
BUTEBO,8341
BUTEBO,424
BUVUMA,8154
BUVUMA,6780
BUVUMA,6671
BUYENDE,38650
BUYENDE,28347
BUYENDE,9143
BUYENDE,3568
BUYENDE,3005
DOKOLO,32223
DOKOLO,16880
DOKOLO,10460
FORT PORTAL CITY,22563
FORT PORTAL CITY,7373
FORT PORTAL CITY,3174
FORT PORTAL CITY,1110
FORT PORTAL CITY,1036
FORT PORTAL CITY,891
FORT PORTAL CITY,381
GOMBA,30253
GOMBA,22657
GOMBA,1716
GULU,6145
GULU,4331
GULU,3492
GULU,2421
GULU,1751
GULU,904
GULU,708
GULU,648
GULU CITY,14706
GULU CITY,10458
GULU CITY,3390
GULU CITY,3156
GULU CITY,1132
GULU CITY,660
GULU CITY,100
HOIMA,28426
HOIMA,18271
HOIMA,5659
HOIMA,1022
HOIMA,509
HOIMA CITY,18137
HOIMA CITY,11256
HOIMA CITY,4821
HOIMA CITY,1246
IBANDA,44638
IBANDA,42803
IBANDA,611
IBANDA,400
IBANDA,106
IGANGA,43147
IGANGA,31858
IGANGA,12618
IGANGA,4761
IGANGA,2185
IGANGA,631
ISINGIRO,105244
ISINGIRO,73405
JINJA,18842
JINJA,18043
JINJA,11730
JINJA,7162
JINJA,3798
JINJA,1722
JINJA,1114
JINJA,418
JINJA CITY,26952
JINJA CITY,17477
JINJA CITY,8709
JINJA CITY,5959
JINJA CITY,3302
JINJA CITY,2658
JINJA CITY,1320
JINJA CITY,944
JINJA CITY,554
JINJA CITY,414
JINJA CITY,408
JINJA CITY,116
KAABONG,18853
KAABONG,8323
KAABONG,2803
KAABONG,417
KAABONG,335
KABALE,45738
KABALE,41632
KABALE,2515
KABAROLE,45134
KABAROLE,15439
KABAROLE,2114
KABERAMAIDO,14700
KABERAMAIDO,12114
KABERAMAIDO,5633
KABERAMAIDO,768
KABERAMAIDO,358
KAGADI,65791
KAGADI,43546
KAGADI,1376
KAKUMIRO,61498
KAKUMIRO,20527
KAKUMIRO,5300
KALAKI,16489
KALAKI,15738
KALAKI,2964
KALANGALA,9791
KALANGALA,8519
KALANGALA,932
KALIRO,38844
KALIRO,16128
KALIRO,6902
KALIRO,2846
KALIRO,1851
KALIRO,1138
KALIRO,821
KALUNGU,25451
KALUNGU,21668
KALUNGU,8754
KAMPALA,314865
KAMPALA,94870
KAMPALA,61190
KAMPALA,16512
KAMPALA,5680
KAMPALA,3880
KAMPALA,2921
KAMPALA,2710
KAMPALA,2571
KAMULI,92840
KAMULI,26909
KAMULI,10787
KAMWENGE,38309
KAMWENGE,36601
KANUNGU,47967
KANUNGU,16043
KANUNGU,15939
KANUNGU,3962
KANUNGU,1584
KANUNGU,1074
KAPCHORWA,18060
KAPCHORWA,8535
KAPCHORWA,6581
KAPCHORWA,5772
KAPCHORWA,610
KAPCHORWA,238
KAPELEBYONG,7596
KAPELEBYONG,7472
KAPELEBYONG,7466
KAPELEBYONG,1377
KAPELEBYONG,1307
KAPELEBYONG,906
KAPELEBYONG,247
KAPELEBYONG,200
KARENGA,10659
KARENGA,3640
KASESE,101072
KASESE,73924
KASESE,48545
KASESE,12378
KASSANDA,40990
KASSANDA,25848
KASSANDA,9602
KASSANDA,6119
KASSANDA,2137
KATAKWI,28361
KATAKWI,20386
KATAKWI,4703
KATAKWI,1699
KATAKWI,1496
KATAKWI,698
KATAKWI,364
KAYUNGA,42725
KAYUNGA,37117
KAYUNGA,10202
KAYUNGA,9237
KAYUNGA,3648
KAYUNGA,889
KAYUNGA,303
KAZO,20212
KAZO,16850
KAZO,15526
KAZO,157
KAZO,80
KIBAALE,35604
KIBAALE,7159
KIBOGA,24767
KIBOGA,22878
KIBOGA,1759
KIBUKU,23058
KIBUKU,15925
KIBUKU,11575
KIBUKU,2856
KIBUKU,2206
KIBUKU,1235
KIBUKU,741
KIBUKU,537
KIBUKU,527
KIBUKU,368
KIBUKU,246
KIKUUBE,39725
KIKUUBE,25089
KIRUHURA,35319
KIRUHURA,15105
KIRUHURA,1465
KIRYANDONGO,35490
KIRYANDONGO,21551
KISORO,60849
KISORO,43846
KISORO,3421
KISORO,677
KITAGWENDA,26924
KITAGWENDA,18925
KITAGWENDA,1482
KITGUM,41192
KITGUM,7680
KITGUM,3624
KOBOKO,44614
KOBOKO,4937
KOLE,28505
KOLE,15036
KOLE,12825
KOLE,9740
KOLE,1420
KOLE,1033
KOTIDO,25620
KOTIDO,13919
KOTIDO,1343
KUMI,35152
KUMI,29292
KUMI,2245
KUMI,1553
KUMI,558
KUMI,242
KWANIA,37497
KWANIA,7857
KWANIA,6855
KWANIA,1228
KWANIA,743
KWANIA,475
KWEEN,19479
KWEEN,13550
KWEEN,360
KYANKWANZI,31546
KYANKWANZI,23189
KYANKWANZI,8824
KYEGEGWA,47844
KYEGEGWA,29080
KYEGEGWA,4861
KYEGEGWA,42
KYENJOJO,75576
KYENJOJO,51965
KYENJOJO,1562
KYENJOJO,1373
KYOTERA,49019
KYOTERA,26137
KYOTERA,539
KYOTERA,464
LAMWO,17064
LAMWO,12862
LAMWO,2200
LAMWO,1125
LAMWO,1040
LAMWO,865
LIRA,22086
LIRA,19004
LIRA,18716
LIRA,1947
LIRA CITY,34054
LIRA CITY,19088
LIRA CITY,310
LUUKA,25495
LUUKA,15885
LUUKA,11120
LUUKA,9406
LUWERO,76801
LUWERO,40353
LUWERO,21136
LUWERO,3330
LUWERO,1850
LUWERO,1801
LUWERO,1481
LUWERO,313
LWENGO,37889
LWENGO,26435
LWENGO,20562
LWENGO,1107
LYANTONDE,16401
LYANTONDE,10076
LYANTONDE,4773
MADI-OKOLLO,
MANAFWA,31324
MANAFWA,17061
MANAFWA,748
MANAFWA,361
MANAFWA,300
MARACHA,30004
MARACHA,17879
MARACHA,2753
MASAKA,12541
MASAKA,11303
MASAKA,6293
MASAKA,4610
MASAKA,671
MASAKA,173
MASAKA CITY,37024
MASAKA CITY,18203
MASAKA CITY,11568
MASAKA CITY,2137
MASAKA CITY,345
MASAKA CITY,242
MASINDI,44680
MASINDI,27950
MASINDI,10686
MAYUGE,48951
MAYUGE,31445
MAYUGE,31142
MAYUGE,2058
MAYUGE,1303
MAYUGE,1254
MBALE,29073
MBALE,25864
MBALE,8287
MBALE,3941
MBALE,1448
MBALE,1269
MBALE CITY,40729
MBALE CITY,25276
MBALE CITY,6565
MBALE CITY,1852
MBALE CITY,1382
MBALE CITY,643
MBARARA,36638
MBARARA,11603
MBARARA CITY,18738
MBARARA CITY,18560
MBARARA CITY,12890
MBARARA CITY,1299
MBARARA CITY,324
MITOOMA,34736
MITOOMA,16148
MITOOMA,13974
MITOOMA,964
MITYANA,64633
MITYANA,48322
MITYANA,1515
MOROTO,18978
MOROTO,3147
MOROTO,1666
MOROTO,473
MOROTO,30
MOYO,18403
MOYO,4015
MOYO,2734
MPIGI,48164
MPIGI,25343
MPIGI,7297
MPIGI,2987
MPIGI,1634
MUBENDE,69286
MUBENDE,45571
MUBENDE,1404
MUKONO,102162
MUKONO,49363
MUKONO,12601
MUKONO,11791
MUKONO,6101
MUKONO,3684
MUKONO,1721
NABILATUK,7929
NABILATUK,5600
NABILATUK,1754
NABILATUK,869
NAKAPIRIPIRIT,19988
NAKAPIRIPIRIT,3526
NAKASEKE,30298
NAKASEKE,19182
NAKASEKE,11196
NAKASEKE,10585
NAKASONGOLA,28325
NAKASONGOLA,19718
NAKASONGOLA,5443
NAKASONGOLA,1764
NAMAYINGO,25171
NAMAYINGO,23471
NAMAYINGO,10525
NAMISINDWA,40792
NAMISINDWA,10243
NAMISINDWA,5689
NAMUTUMBA,32320
NAMUTUMBA,25348
NAMUTUMBA,8364
NAMUTUMBA,3077
NAMUTUMBA,527
NAPAK,20250
NAPAK,15051
NEBBI,39828
NEBBI,12984
NEBBI,8037
NEBBI,7435
NEBBI,2094
NGORA,20272
NGORA,13954
NGORA,203
NGORA,156
NTOROKO,9787
NTOROKO,9679
NTOROKO,2276
NTUNGAMO,156022
NTUNGAMO,9175
NTUNGAMO,4789
NTUNGAMO,4641
NWOYA,12485
NWOYA,10706
NWOYA,1408
NWOYA,515
NWOYA,444
NWOYA,348
OBONGI,3868
OBONGI,3122
OBONGI,2696
OBONGI,2173
OBONGI,776
OMORO,17565
OMORO,7223
OMORO,4111
OMORO,2944
OMORO,1900
OMORO,1170
OMORO,519
OMORO,233
OTUKE,17022
OTUKE,15752
OTUKE,300
OYAM,90787
OYAM,9424
PADER,22606
PADER,19687
PADER,1938
PADER,1549
PAKWACH,29594
PAKWACH,15708
PAKWACH,3154
PAKWACH,669
PAKWACH,233
PALLISA,30350
PALLISA,29381
PALLISA,20235
PALLISA,4113
PALLISA,625
RAKAI,34291
RAKAI,19682
RAKAI,16634
RAKAI,11240
RAKAI,306
RUBANDA,44618
RUBANDA,33500
RUBIRIZI,28667
RUBIRIZI,19474
RUKIGA,19908
RUKIGA,14558
RUKIGA,3500
RUKIGA,526
RUKIGA,419
RUKUNGIRI,62570
RUKUNGIRI,35681
RUKUNGIRI,6376
RUKUNGIRI,6046
RWAMPARA,22782
RWAMPARA,17788
SERERE,50254
SERERE,19424
SERERE,4482
SERERE,2500
SERERE,637
SHEEMA,39982
SHEEMA,34399
SHEEMA,6971
SIRONKO,31119
SIRONKO,29744
SIRONKO,17891
SIRONKO,2743
SIRONKO,1192
SIRONKO,535
SIRONKO,530
SOROTI,34709
SOROTI,15910
SOROTI,14318
SOROTI CITY,10670
SOROTI CITY,9359
SOROTI CITY,7631
SOROTI CITY,1338
SOROTI CITY,701
SOROTI CITY,609
SOROTI CITY,596
SSEMBABULE,
TEREGO,19733
TEREGO,13798
TEREGO,8131
TEREGO,6660
TEREGO,1789
TORORO,76662
TORORO,69011
TORORO,7398
TORORO,2991
TORORO,1290
WAKISO,364991
WAKISO,156371
WAKISO,16598
WAKISO,11592
WAKISO,9562
YUMBE,38712
YUMBE,30102
YUMBE,3500
ZOMBO,44192
ZOMBO,17254
,
FEMALE MEMBER OF PARLIAMENT REPRESENTING UPDF,339
FEMALE MEMBER OF PARLIAMENT REPRESENTING UPDF,282
FEMALE MEMBER OF PARLIAMENT REPRESENTING UPDF,276
FEMALE MEMBER OF PARLIAMENT REPRESENTING UPDF,247
FEMALE MEMBER OF PARLIAMENT REPRESENTING UPDF,
MEMBER OF PARLIAMENT REPRESENTING UPDF,335
MEMBER OF PARLIAMENT REPRESENTING UPDF,239
MEMBER OF PARLIAMENT REPRESENTING UPDF,228
MEMBER OF PARLIAMENT REPRESENTING UPDF,223
MEMBER OF PARLIAMENT REPRESENTING UPDF,218
MEMBER OF PARLIAMENT REPRESENTING UPDF,204
MEMBER OF PARLIAMENT REPRESENTING UPDF,184
MEMBER OF PARLIAMENT REPRESENTING UPDF,135
MEMBER OF PARLIAMENT REPRESENTING UPDF,129
MEMBER OF PARLIAMENT REPRESENTING UPDF,126
MEMBER OF PARLIAMENT REPRESENTING UPDF,112
MEMBER OF PARLIAMENT REPRESENTING UPDF,106
MEMBER OF PARLIAMENT REPRESENTING UPDF,104
MEMBER OF PARLIAMENT REPRESENTING UPDF,83
MEMBER OF PARLIAMENT REPRESENTING UPDF,71
MEMBER OF PARLIAMENT REPRESENTING UPDF,63
MEMBER OF PARLIAMENT REPRESENTING UPDF,50
,
FEMALE MEMBER OF PARLIAMENT REPRESESNTING WORKERS,332
FEMALE MEMBER OF PARLIAMENT REPRESESNTING WORKERS,161
FEMALE MEMBER OF PARLIAMENT REPRESESNTING WORKERS,
WORKERS REPRESENTATIVES TO PARLIAMENT,291
WORKERS REPRESENTATIVES TO PARLIAMENT,271
WORKERS REPRESENTATIVES TO PARLIAMENT,228
WORKERS REPRESENTATIVES TO PARLIAMENT,174
WORKERS REPRESENTATIVES TO PARLIAMENT,151
WORKERS REPRESENTATIVES TO PARLIAMENT,149
WORKERS REPRESENTATIVES TO PARLIAMENT,131
WORKERS REPRESENTATIVES TO PARLIAMENT,114
WORKERS REPRESENTATIVES TO PARLIAMENT,101
WORKERS REPRESENTATIVES TO PARLIAMENT,70
WORKERS REPRESENTATIVES TO PARLIAMENT,31
WORKERS REPRESENTATIVES TO PARLIAMENT,28
WORKERS REPRESENTATIVES TO PARLIAMENT,15
WORKERS REPRESENTATIVES TO PARLIAMENT,15
WORKERS REPRESENTATIVES TO PARLIAMENT,13
WORKERS REPRESENTATIVES TO PARLIAMENT,12
WORKERS REPRESENTATIVES TO PARLIAMENT,5
WORKERS REPRESENTATIVES TO PARLIAMENT,3
,
FEMALE   MEMBER OF PARLIAMENT REPRESENTING PWDs,538
FEMALE   MEMBER OF PARLIAMENT REPRESENTING PWDs,175
FEMALE   MEMBER OF PARLIAMENT REPRESENTING PWDs,10
MEMBER OF PARLIAMENT REPRESENTING PWDs,594
MEMBER OF PARLIAMENT REPRESENTING PWDs,519
MEMBER OF PARLIAMENT REPRESENTING PWDs,458
MEMBER OF PARLIAMENT REPRESENTING PWDs,413
MEMBER OF PARLIAMENT REPRESENTING PWDs,293
MEMBER OF PARLIAMENT REPRESENTING PWDs,281
MEMBER OF PARLIAMENT REPRESENTING PWDs,122
MEMBER OF PARLIAMENT REPRESENTING PWDs,23
MEMBER OF PARLIAMENT REPRESENTING PWDs,19
MEMBER OF PARLIAMENT REPRESENTING PWDs,7
MEMBER OF PARLIAMENT REPRESENTING PWDs,4
MEMBER OF PARLIAMENT REPRESENTING PWDs,3
MEMBER OF PARLIAMENT REPRESENTING PWDs,1
MEMBER OF PARLIAMENT REPRESENTING PWDs,0
,
FEMALE MEMBER OF PARLIAMENT REPRESENTING YOUTH,296
FEMALE MEMBER OF PARLIAMENT REPRESENTING YOUTH,66
FEMALE MEMBER OF PARLIAMENT REPRESENTING YOUTH,28
FEMALE MEMBER OF PARLIAMENT REPRESENTING YOUTH,15
FEMALE MEMBER OF PARLIAMENT REPRESENTING YOUTH,11
FEMALE MEMBER OF PARLIAMENT REPRESENTING YOUTH,3
FEMALE MEMBER OF PARLIAMENT REPRESENTING YOUTH,3
FEMALE MEMBER OF PARLIAMENT REPRESENTING YOUTH,3
FEMALE MEMBER OF PARLIAMENT REPRESENTING YOUTH,2
FEMALE MEMBER OF PARLIAMENT REPRESENTING YOUTH,1
FEMALE MEMBER OF PARLIAMENT REPRESENTING YOUTH,0
FEMALE MEMBER OF PARLIAMENT REPRESENTING YOUTH,0
MEMBER OF PARLIAMENT REPRESENTING YOUTH (CENTRAL REGION),780
MEMBER OF PARLIAMENT REPRESENTING YOUTH (CENTRAL REGION),85
MEMBER OF PARLIAMENT REPRESENTING YOUTH (CENTRAL REGION),78
MEMBER OF PARLIAMENT REPRESENTING YOUTH (CENTRAL REGION),49
MEMBER OF PARLIAMENT REPRESENTING YOUTH (CENTRAL REGION),9
MEMBER OF PARLIAMENT REPRESENTING YOUTH (CENTRAL REGION),2
MEMBER OF PARLIAMENT REPRESENTING YOUTH (CENTRAL REGION),1
MEMBER OF PARLIAMENT REPRESENTING YOUTH (EASTERN REGION),967
MEMBER OF PARLIAMENT REPRESENTING YOUTH (EASTERN REGION),448
MEMBER OF PARLIAMENT REPRESENTING YOUTH (EASTERN REGION),208
MEMBER OF PARLIAMENT REPRESENTING YOUTH (EASTERN REGION),105
MEMBER OF PARLIAMENT REPRESENTING YOUTH (EASTERN REGION),11
MEMBER OF PARLIAMENT REPRESENTING YOUTH (EASTERN REGION),1
MEMBER OF PARLIAMENT REPRESENTING YOUTH (NORTHERN REGION),1280
MEMBER OF PARLIAMENT REPRESENTING YOUTH (NORTHERN REGION),104
MEMBER OF PARLIAMENT REPRESENTING YOUTH (NORTHERN REGION),75
MEMBER OF PARLIAMENT REPRESENTING YOUTH (NORTHERN REGION),10
MEMBER OF PARLIAMENT REPRESENTING YOUTH (NORTHERN REGION),3
MEMBER OF PARLIAMENT REPRESENTING YOUTH (WESTERN REGION),1419
MEMBER OF PARLIAMENT REPRESENTING YOUTH (WESTERN REGION),402
MEMBER OF PARLIAMENT REPRESENTING YOUTH (WESTERN REGION),41
MEMBER OF PARLIAMENT REPRESENTING YOUTH (WESTERN REGION),26
MEMBER OF PARLIAMENT REPRESENTING YOUTH (WESTERN REGION),3
MEMBER OF PARLIAMENT REPRESENTING YOUTH (WESTERN REGION),0
,
FEMALE MEMBER OF PARLIAMENT REPRESESNTING OLDER,645
FEMALE MEMBER OF PARLIAMENT REPRESESNTING OLDER,56
MEMBER OF PARLIAMENT REPRESENTING OLDER PERSONS (CENTRAL REGION),113
MEMBER OF PARLIAMENT REPRESENTING OLDER PERSONS (CENTRAL REGION),9
MEMBER OF PARLIAMENT REPRESENTING OLDER PERSONS (CENTRAL REGION),8
MEMBER OF PARLIAMENT REPRESENTING OLDER PERSONS (CENTRAL REGION),3
MEMBER OF PARLIAMENT REPRESENTING OLDER PERSONS (CENTRAL REGION),1
MEMBER OF PARLIAMENT REPRESENTING OLDER PERSONS (EASTERN REGION),
MEMBER OF PARLIAMENT REPRESENTING OLDER PERSONS (NORTHERN,154
MEMBER OF PARLIAMENT REPRESENTING OLDER PERSONS (NORTHERN,7
MEMBER OF PARLIAMENT REPRESENTING OLDER PERSONS (NORTHERN,2
MEMBER OF PARLIAMENT REPRESENTING OLDER PERSONS (WESTERN,
